1,23.464266577057725,17.282956785136353,10.514739097380607,77.458853815887,4,0,0,3,0,0,10,10,0
10,38.307060634641594,23.545214708943234,11.961321990378593,69.84125604112087,4,0,1,4,6,1,4,8,1
100,64.48486565706568,53.18598390385999,11.294781552806073,81.70645654226381,4,1,7,94,40,8,262,17,1
101,67.62982497483982,51.14114787709768,9.92042816920078,70.35742248450552,4,0,12,105,37,12,258,15,6
102,66.38569895469365,50.83006039685163,9.08501931530379,72.67722845299991,4,1,15,96,31,15,246,15,6
103,72.92608275117406,63.402096264083546,10.267398661876422,86.91385333762506,4,0,14,95,37,13,233,26,1
104,78.05680762510451,55.54145456558162,8.931403885013154,59.74004349948292,4,0,19,88,30,10,251,17,4
105,85.82167610843204,65.59341398035251,10.266251575795092,65.1358359250812,4,4,13,114,31,17,288,18,3
106,87.59772196537592,74.04493626448875,9.074850973361942,79.16625909039321,4,0,18,102,39,13,277,20,1
107,82.9044165687562,67.49672842166191,10.010766395107757,74.61496984017636,4,0,16,96,30,15,260,19,0
108,80.50561934452651,64.75635316052391,10.282029844480109,73.3520219086528,4,0,14,92,37,10,278,22,1
109,83.26794397471089,68.8086857100015,8.645743250066557,76.20175591604162,4,0,16,89,21,10,239,22,0
11,56.9944054236848,45.647701856382604,12.362332562016974,82.61352665308087,4,1,1,10,9,0,2,5,0
110,81.1027437745128,71.74360780479378,7.329846443888015,87.62058413035503,4,0,21,90,22,16,269,14,3
111,86.12436988162014,75.2497236154278,8.977306043553595,84.94060280753904,4,0,16,80,32,20,269,14,3
112,89.00690172859984,71.62968530421361,9.725779636156997,70.454863270901,4,1,17,91,31,13,287,23,1
113,80.66479449401264,68.46831021376843,10.218064148342366,81.73059815264685,4,0,9,73,22,15,245,22,3
114,80.09814517243763,65.5091575091575,7.597498020847078,75.29544590629497,4,0,20,93,32,12,244,17,4
115,77.94373659436671,61.74421860810641,10.23700946895605,72.46530973975389,4,1,10,93,48,15,288,18,2
116,67.07254526893871,52.54645281251839,10.177596968908444,75.18824912185569,4,1,14,75,27,9,283,20,1
117,54.56181852654201,38.76834685014256,9.140194989472803,70.78726220597399,4,1,17,77,28,12,255,18,1
118,70.50265161216882,55.15582378960291,6.915908479502106,74.33029013927776,4,0,25,83,32,15,295,13,8
119,62.41745313510019,46.90262874380522,9.855742296918764,72.06592329239388,4,0,27,93,32,12,277,21,4
12,58.40287263352753,44.47069485090493,13.627603365725966,75.42822816583612,4,0,0,3,3,0,4,8,2
120,52.697044353011414,42.76775465870916,9.36872142910755,83.58392315583157,4,0,16,84,42,27,265,21,5
121,58.102124926992644,50.50840648652821,10.448163335864242,91.14435051877092,4,0,9,82,30,22,213,15,2
122,44.7522409668823,29.994392982156576,11.596368946047875,71.14523037288728,4,0,19,76,33,20,247,22,1
123,55.45303927052696,48.94325220482856,10.700020781673599,93.84441108973127,4,1,15,75,26,21,305,28,4
124,42.77678887932344,31.50617712207574,15.08085026852308,78.84303225363134,4,0,11,83,21,22,239,22,3
125,40.67682697207801,28.403956639837677,11.378933374600146,76.86762582370193,4,0,7,77,28,10,233,20,5
126,34.97457612254904,28.212715465351753,12.256983950708525,90.721069269445,4,0,7,95,33,20,267,21,3
127,32.995932427330025,23.275104008424755,12.856664293280634,81.81857602274692,4,0,18,66,33,13,278,17,1
128,41.70985426523162,28.31401684120013,12.064480510504769,73.21009757089271,4,0,10,71,27,13,228,16,1
129,30.004347274864262,21.598059219647684,13.338485786535388,84.55703299834396,4,0,5,55,22,7,223,19,1
13,70.79514420090729,46.77040749265791,13.35101590300951,55.63958167059217,4,0,0,3,3,0,7,11,0
130,32.11318329361476,22.90612656884161,12.7831623449984,82.53522875878592,4,0,11,74,31,9,227,16,8
131,18.384210164835167,5.915952113362827,13.732477335586106,71.95316406807477,4,0,11,72,16,9,211,17,2
132,14.73438158799421,5.2834079919099635,11.750061496170373,79.79035949336252,4,0,9,52,28,14,172,13,5
133,27.874665221929927,20.001525008080346,12.989570151960155,86.35290562462406,4,0,6,81,40,7,197,19,2
134,27.14585177725339,17.083439951532945,10.421104932055067,79.92472405427257,4,0,9,79,33,13,198,16,1
135,41.56479293280229,33.38736614673383,11.470617236003653,87.05678502172647,4,0,13,99,32,9,209,12,4
136,50.944340878151934,40.214285809437115,12.314313538771742,81.77784502117869,4,0,15,88,28,18,208,12,1
137,39.35208076474045,24.629619819136423,14.461103741214156,69.42453834744073,4,1,8,89,31,11,231,14,5
138,41.45132963494802,30.418766314587902,13.714529288112374,80.59184444872751,4,1,13,88,39,9,236,9,3
139,58.381455153958306,45.98334010105325,12.034696745979499,79.72541288147033,4,1,15,76,41,14,257,23,6
14,76.32446307431351,57.37310497744196,12.643061051765775,67.207495927137,4,0,0,14,5,1,6,5,1
140,49.75770214305818,32.729805127792744,13.156967791901451,66.6883322419877,4,0,11,91,25,25,241,21,4
141,50.22282396475073,32.9198404147984,11.404889159571033,66.27646224545984,4,0,14,104,18,19,227,11,2
142,70.22484000836879,51.48457239672592,14.962605981635834,67.71263718513185,4,0,14,87,26,22,250,17,1
143,61.78482714027826,44.94053436381914,14.145750239735202,70.63363894877052,4,0,11,91,33,20,249,19,9
144,60.92549550933328,45.21661177805246,11.552993495608508,70.25844881510741,4,0,20,91,36,21,234,15,4
145,73.43123099378556,63.780230366491104,10.290077255480474,87.29457781955152,4,0,10,88,37,11,244,25,5
146,73.96173252007775,65.72884531081658,12.30462333882544,89.9541748095982,4,0,10,88,27,17,289,27,5
147,69.37999737392991,58.06803058146185,11.508738483414675,81.70377517838328,4,0,19,91,31,12,216,18,2
148,79.23820848504093,62.361337938646116,10.186148247219775,70.22297468736163,4,1,10,90,29,12,280,15,5
149,81.90391713864634,72.36147613344369,9.309281307924083,87.51887279194622,4,1,12,123,20,13,292,16,2
15,72.45309859315567,55.8625356959164,10.220156976593147,71.38287760448145,4,0,0,8,10,0,3,7,0
150,73.80006981083339,56.295246506897556,9.168403570421935,68.65415446430484,4,0,9,78,30,13,303,22,1
151,81.14546123519338,62.82597848579991,8.408182888540031,68.25331632653061,4,0,12,91,34,34,298,25,1
152,80.04316073967674,69.93154445791778,10.431151176363658,85.50393730225554,4,0,12,83,18,23,296,31,6
153,84.52036999117294,69.89862740782952,9.490196937876771,75.64477241514331,4,1,14,76,30,16,353,23,2
154,82.00616896456599,66.6547838752726,10.131259754666633,73.40817872603589,4,0,18,93,24,17,311,43,0
155,84.4533648744317,70.78757416847658,8.429407191130066,78.37904375496467,4,1,8,64,23,40,284,36,2
156,75.2320820243623,59.45573648880624,10.599241223923618,71.8388431645367,4,0,11,73,34,17,314,22,3
157,75.44128177586823,60.74812030075187,7.702112423916934,74.74283924095953,4,0,13,86,24,18,307,20,2
158,81.37574647041751,71.98072007359737,10.593287433827816,87.91561234688777,4,1,26,98,35,22,286,15,4
159,81.4495010425566,68.95196265717418,6.819080195890242,80.45031171541396,4,0,21,88,20,17,274,18,1
16,61.97707760775825,53.75400390912662,10.828498247782468,89.89828490327298,4,0,0,11,5,0,3,12,2
160,79.07655674611738,64.24511414735386,10.079658096931968,75.09206383776451,4,0,11,78,40,15,253,10,2
161,78.74793946652638,61.222879558880564,10.579762694423275,69.55824511739556,4,0,11,93,27,14,262,14,4
162,73.2504925118384,56.258060809610676,8.672479473646726,70.45971720900795,4,0,11,99,26,21,274,15,7
163,63.5509021551315,41.23700860811963,9.421176156435951,59.08564400862856,4,0,15,81,32,13,222,22,6
164,63.15083616780045,52.33655753968254,10.008843537414965,82.81064342403627,4,0,18,97,36,11,310,18,1
165,58.437145308810365,48.286124401913874,13.462353455556222,83.46846958724839,4,0,14,97,29,12,287,25,1
166,65.84083397522237,56.10545025863619,11.020152689337577,85.9225235660147,4,0,23,108,40,9,237,16,3
167,54.340789696176955,39.42941554114717,12.399993585072028,72.91202358777322,4,0,12,76,36,13,249,15,2
168,50.85939280944233,36.13625211299618,10.407219285971138,71.19136268452175,4,0,11,78,26,15,220,8,2
169,55.06387521068173,48.315890562792745,9.975338208015815,92.6384883206607,4,0,15,100,36,10,281,18,3
17,61.20668623934716,53.901981957161695,10.972316982580512,92.52914352930206,4,0,0,8,5,0,4,8,0
170,40.49346023775666,33.73521912792212,10.138887156200715,91.03581670163418,4,0,15,84,26,11,196,10,5
171,47.19638857138241,41.11008959523125,10.307700823105254,93.88818433966351,4,1,8,84,35,20,229,23,7
172,34.45614786807521,21.920477800113208,15.922948045298279,73.89756139014746,4,0,13,71,28,10,225,11,3
173,17.01889951024403,3.1784958109350683,13.946503764958937,67.56982760203947,4,1,11,49,15,10,204,14,0
174,42.05128855011759,34.73290931536443,11.908763571495614,90.22018489865876,4,0,12,98,21,15,226,15,4
175,33.446431050611686,28.64363439088306,11.773260017606985,97.06357814568915,4,4,14,60,30,11,179,17,4
176,22.57546783042832,10.692761417130672,13.03072779600251,74.63159580056518,4,1,7,61,21,8,201,17,1
177,26.409612097740233,18.299534619408014,12.497431146067257,85.6226042330625,4,0,11,58,26,17,196,4,3
178,33.358734268515065,24.006494507241083,6.769309222583113,83.09586073262851,4,0,11,61,22,16,184,8,3
179,40.128852659945096,31.612381456078936,10.742730658697043,86.28022089954864,4,1,16,65,21,10,159,7,1
18,82.43853893312804,69.51754931063833,9.80441286980798,79.88334176686294,4,0,0,2,0,1,3,4,0
180,36.63788841920886,27.137270997738025,12.354300350093032,83.59168142513394,4,0,7,62,18,9,158,13,4
181,36.605484117076166,27.948519558251494,9.278943025372923,85.1653918116929,4,0,7,77,31,15,187,14,3
182,36.90684961982369,22.880782288117082,12.499152393524355,71.0604716883808,4,0,6,70,32,4,183,10,4
183,33.51289638112298,18.47328225961231,11.408427163969035,68.6886022434052,4,0,8,61,20,15,196,15,7
184,41.291411247017415,31.978223279253253,11.831239628397716,84.42452318648371,4,1,12,75,20,10,229,19,2
185,52.34039191259785,38.163120666275056,11.39306230261523,75.58033166108807,4,0,7,73,27,13,216,7,5
186,61.413029774800194,41.24578433068143,11.467199229156424,61.89973278004334,4,0,24,90,30,10,199,7,1
187,63.59937285610339,37.30650647355717,11.499793550697017,51.6413325941582,4,0,15,88,23,14,218,7,2
188,60.12626254236363,41.27216306309417,14.983525342136646,65.55426306431873,4,0,18,64,33,22,241,10,1
189,51.826598958286674,31.664428513331348,12.137100756818153,59.52417253445804,4,0,8,83,25,15,230,9,1
19,82.61465875213851,66.03715569085162,8.660636961937271,72.02442628582251,4,1,1,1,1,0,5,3,0
190,69.14518234349443,48.095317968036014,11.648251210298442,62.559073894809906,4,1,4,96,36,14,224,8,7
191,64.62287150649665,48.89475949116541,12.128126185915646,71.70450010273704,4,0,13,76,30,15,257,12,1
192,70.21765439713721,51.38425144227061,10.831099622981878,66.11735183667304,4,0,12,88,27,16,253,17,3
193,73.61352955602987,58.35468169102042,8.784502138191446,73.94711914609329,4,0,13,76,34,30,221,10,1
194,90.28956143302766,72.38773997253519,10.52757901121568,69.18289942041528,4,1,12,95,42,16,229,15,3
195,78.27992720792895,61.79292137100324,10.705374278581756,71.49512406305068,4,0,17,76,27,10,256,11,1
196,92.3280899920336,69.06018362157376,9.62956323136471,60.283797443429066,4,1,20,97,27,13,262,15,0
197,84.72111243289997,67.72672902056846,10.296949619311977,70.94274960314252,4,1,18,83,22,11,265,19,4
198,87.92184821703073,67.57815032828209,10.126909449669037,65.978426756995,4,1,13,71,33,18,265,16,3
199,91.35857079642028,74.20687221336209,9.579168764333149,71.69760989210816,4,0,14,92,26,13,249,22,2
2,33.75022597431798,28.9429686202381,9.855067726383757,96.68192508849339,4,0,0,9,1,0,4,14,1
20,82.052830550071,65.09552936536672,10.521788154692848,71.29875806401967,4,1,0,4,1,0,4,7,0
200,87.05350289369478,70.84462185145428,9.877127411344455,72.96374107309137,4,0,14,88,17,13,268,19,2
201,90.99913745402468,71.2368567522703,8.717736169427898,65.80818604953944,4,0,19,93,31,10,255,14,1
202,86.80667382699403,72.39268449120665,7.823016023385482,76.57512380886764,4,1,19,83,25,22,264,15,3
203,83.91847816969458,69.37367506909253,9.389252647759394,75.8363453711378,4,0,15,84,23,20,258,12,4
204,83.50381343438356,67.62483695529951,8.351928907156083,72.79154931374869,4,0,13,84,25,13,257,6,2
205,84.01449460364367,63.09391229315829,8.10087609360594,64.49145041102607,4,0,22,75,25,14,226,12,2
206,84.59838891249899,67.10843863396556,10.433999839327708,70.94055212146547,4,1,20,87,31,16,255,13,2
207,79.52422287975125,65.51136315960022,9.676865602774908,77.22145752441318,4,0,25,84,26,22,252,17,4
208,72.23042581082316,58.71644887591982,9.535700491180505,78.05058990153464,4,0,9,83,28,23,231,20,1
209,70.69638378966955,57.3177175467662,12.437158074619962,76.13535677447126,4,0,23,69,29,14,254,20,4
21,90.02649750519933,74.87537517297731,7.578467819747909,76.64244934289124,4,1,0,3,1,0,2,7,0
210,67.23434912095557,52.12134066509558,8.213575870174456,74.29836856576843,4,0,10,80,27,18,239,21,2
211,54.85601520595039,43.62440880916831,11.667097844496364,80.25662062045824,4,1,6,54,20,14,233,17,2
212,58.475494860315656,43.611160921509374,9.822286260498336,73.39201004122403,4,0,15,75,26,20,259,14,1
213,59.40794773258788,45.87270756619731,11.5572071589993,76.28654279668446,4,0,13,71,21,12,257,10,5
214,44.972496431922664,32.03168796248421,15.802065964653789,75.21854876409911,4,0,14,89,18,21,234,19,3
215,40.14376139211665,25.725044021692163,13.05512122292408,71.09476875967347,4,0,13,80,21,17,187,12,1
216,30.732296209988043,21.84965953093023,12.448980419166757,83.39763064761927,4,0,14,54,24,9,214,13,2
217,22.228859676649726,13.961039565720341,10.122816954874024,84.54903213760313,4,0,10,68,33,15,211,13,3
218,20.638603382564806,13.299148199177806,12.07269460218448,86.96314758998554,4,0,15,78,21,19,194,23,4
219,40.596868310490365,35.56334283861231,11.158032480677065,96.69940962763073,4,0,14,67,23,16,194,13,0
22,89.07026631364555,77.84820720262609,9.419639660857596,83.90865480083094,4,1,2,1,1,0,6,3,2
220,41.956139594523314,36.87988396528082,11.218580328775584,96.8099615749898,4,0,9,71,18,7,210,11,0
221,42.058671764558504,34.91439146626682,10.474868825225238,90.34326022971347,4,0,8,79,16,12,206,7,3
222,38.55980376097231,31.860646276693895,10.582503667353082,91.62554888152214,4,0,12,72,26,9,194,11,1
223,41.671639221007744,33.35139048058835,13.513435396892566,87.27441642602184,4,1,9,67,26,13,203,11,2
224,36.326325232278926,26.724567697025254,10.286830234472731,83.19234049455942,4,1,10,73,26,13,205,16,0
225,34.36992915304039,24.83251821391499,10.345786102212278,83.19867980415725,4,0,15,67,24,18,159,18,0
226,26.765646324476695,13.825582218504138,11.833118679312081,72.73899861180708,4,0,5,64,20,13,190,13,1
227,36.249626204684326,19.379255119236035,10.613085357248035,64.84230197917195,4,0,14,71,32,5,208,13,1
228,46.12053651994584,39.828943305391476,9.0326311065577,93.97272938817592,4,0,9,74,27,14,202,17,3
229,42.247185358458424,29.90793181244614,12.777205361133833,76.99325320095372,4,1,18,102,22,18,194,9,2
23,85.12334802988299,69.2020703487638,8.468742677209208,73.21620376132616,4,1,0,2,0,0,2,6,0
230,40.47519132575261,28.67373635450155,10.175929772566288,77.65242425397355,4,0,14,68,33,19,227,14,3
231,54.86251267807281,43.65336031314642,13.378331689682122,81.9797393003855,4,0,5,69,26,16,238,10,2
232,57.43646456482592,40.1175090937068,11.97906585980303,68.26153494480073,4,0,22,75,11,9,198,17,1
233,68.20449571665827,50.39656561887709,10.383080899947077,68.36489123109575,4,0,10,77,21,16,179,14,3
234,60.867313259267796,41.5808252692666,8.813103522149047,64.64726504911694,4,0,15,77,28,12,273,14,2
235,64.61056368587678,53.169990533263736,10.547581020607256,81.74885136733103,4,0,7,72,23,14,231,9,2
236,61.74832583238596,51.06527829820494,8.985738790352523,85.15125394857458,4,1,15,68,26,10,219,16,2
237,60.948644251403564,48.58728245903292,7.9520829784406075,79.88521824397999,4,0,10,75,23,16,233,17,2
238,81.40072069813206,67.64355791161867,9.203579720381311,79.06335419956902,4,0,8,83,34,14,234,13,0
239,77.05978184179489,60.22217783008644,7.038977188511166,71.62388839656046,4,0,5,74,30,16,244,5,3
24,80.27132583850745,73.47065895043252,9.572818743110302,94.47437461606715,4,1,0,0,0,1,1,9,0
240,72.33334506568697,57.888927595780764,8.18733022395561,75.19859240571093,4,0,17,87,28,23,307,12,1
241,85.16347005882055,70.14976497096943,10.500560194427063,75.39494456282333,4,0,10,94,33,17,256,12,2
242,79.11073232573361,63.87564863581106,7.193564675867903,75.73815222670237,4,0,14,81,23,10,271,11,0
243,83.41932415576888,67.15730401118957,7.360642167643509,72.81980451257209,4,0,13,83,33,7,217,12,3
244,87.7657417015724,77.91325991603085,7.7641368203205445,87.78776546168437,4,0,7,101,36,9,278,25,4
245,85.9555131166728,74.0202974333646,8.768426575608876,82.04274699504346,4,0,16,99,26,18,280,28,3
246,94.2519644916849,82.1425348909891,8.34374587872667,82.57500035057485,4,0,15,92,18,15,260,26,4
247,85.93959059083959,74.2095580877522,6.178649238371402,82.7423870144421,4,0,16,75,28,12,271,25,2
248,82.96653460030574,67.65788484025893,6.1186887984085265,75.03175322232396,4,0,14,64,23,12,267,20,1
249,83.27410509272623,72.86791720459985,6.760303172142357,85.69477362234359,4,0,17,75,23,24,267,15,0
25,80.5432468080389,67.90896481060211,10.15735090859414,79.6302033581377,4,1,0,1,0,0,9,4,0
250,78.09477688734418,69.36203847683471,8.898926702406246,88.66382912493863,4,1,16,62,26,17,252,13,2
251,76.05714359036553,66.97578957868122,6.180484876087253,89.14952199831394,4,0,24,69,24,9,264,10,4
252,73.48424057642335,64.83952907055651,9.07251827613731,89.34548462726873,4,0,20,74,23,24,251,12,1
253,67.94196667391678,55.8631257156722,8.215621431609154,80.92193032048259,4,0,32,81,31,22,219,17,2
254,67.56247688872243,56.75730346560562,9.76897922207175,83.45061615055552,4,0,16,74,26,12,244,10,4
255,57.45185248097062,44.78657086651883,10.453030418560461,77.93702882857103,4,1,25,69,27,12,244,9,3
256,55.224744646037266,44.39829843497769,8.837219718119027,82.24666298503357,4,1,15,63,32,14,237,19,3
257,47.64041756932206,35.27479011822005,10.032768375752662,78.42767305531054,4,1,19,84,20,9,241,18,2
258,48.014136321195146,31.609966268150966,10.385073500643903,66.55993839876702,4,0,18,81,26,12,246,23,1
259,52.11695618995342,44.70279464245183,8.933455576120156,91.02813651787044,4,0,11,77,27,14,231,13,2
26,77.75775144821577,64.73470312424107,11.767657487441964,78.96364260775734,4,0,0,10,5,1,5,3,2
260,45.09744454223299,35.16369505060748,10.277245401858139,82.7107880157548,4,0,12,66,22,13,237,15,6
261,56.925204055279856,46.35374080302889,9.815188820622565,83.19839600009674,4,0,19,56,15,13,226,20,2
262,24.129742332030876,14.293916739202938,14.418414856831733,79.85686441172379,4,0,14,75,21,10,210,9,1
263,46.789283751604046,37.29698635020558,13.40660671865112,84.38430568674598,4,1,22,81,21,5,227,12,1
264,45.28783635400888,37.25993498345294,8.215117250731398,88.85820793583078,4,0,21,74,15,18,237,8,3
265,46.136605010038814,38.91077234639722,9.132562160502086,89.83344764340836,4,1,18,96,10,14,212,6,1
266,43.40917944727554,35.52703316415242,12.431467623143009,88.3258809016013,4,1,19,63,18,12,215,11,2
267,34.85760472055314,27.12436376667606,12.231812296655804,88.0861352650358,4,0,18,66,21,23,206,9,5
268,29.51551484255335,20.991371010478414,10.296600598169507,84.27973656211842,4,0,12,66,22,22,198,17,5
269,21.63101018271293,13.01725770065691,14.018502420628566,82.89488441815772,4,1,11,43,20,16,205,12,6
27,71.81242601202767,62.09647145297395,8.684545541254073,86.67185037506331,4,0,0,8,3,1,6,11,1
270,4.618192769685472,-8.609549558996706,11.910089605711011,67.28929363795574,4,0,12,63,20,8,168,8,0
271,19.82606269734826,11.007731647215143,12.068017730172324,83.05769873471047,4,0,6,49,21,9,182,7,0
272,37.133099129687935,29.2803287808434,12.93337867261511,87.98558848254619,4,0,22,59,23,11,231,11,0
273,32.8222184637341,23.827185875522275,14.338957843842454,83.45148159582757,4,0,11,46,33,7,211,14,2
274,48.6353370013398,37.44087607721042,9.60702112492426,81.00635484492618,4,0,12,54,27,15,208,12,2
275,47.43167622741766,33.935045069906856,12.07269597550159,74.80144564407429,4,0,19,76,29,10,209,16,4
276,64.31308095336502,53.58846266199267,10.303968928227153,83.82850610963848,4,0,19,69,27,8,223,16,2
277,48.32802358515016,32.70307614888467,15.321370606942455,68.51865039728929,4,0,17,70,24,13,202,12,1
278,44.72033775620857,29.445145673532856,9.305497697413047,71.45977412156242,4,0,19,91,15,7,212,15,2
279,62.48359653426336,42.689443526301474,11.028103801689054,63.99040683789392,4,0,9,78,22,14,215,8,5
28,63.39300955219937,50.864164308803296,10.889850526406695,78.68015451915853,4,0,0,6,8,1,6,7,3
280,64.02186989971942,52.245246433642066,10.541013862323414,82.94380807014134,4,0,13,63,34,11,226,18,6
281,70.98190399046837,50.76388186275074,10.541249061547607,63.905302355999495,4,0,14,79,30,12,239,8,6
282,68.79216982132792,49.79069500800487,10.796975856490606,67.25854254708796,4,1,12,62,33,14,281,19,2
283,75.18096871930491,51.03096026896426,10.444893672646357,58.576744558101915,4,0,11,79,39,8,288,13,0
284,80.0618267682464,65.17233690139247,8.404243202775616,76.10037423832934,4,0,16,57,38,17,272,20,0
285,77.66440287068393,61.48366223930351,11.300976500785145,72.57556440585282,4,0,15,102,28,8,228,17,2
286,87.7244465844414,65.5023073385434,8.225703977862596,61.394767398792546,4,0,12,76,15,19,281,22,1
287,81.75869627039523,66.71268883341146,8.423619278286262,75.85245338959945,4,0,11,87,27,14,291,17,1
288,79.51197181850408,64.7055029455951,8.245864080943429,75.37774472071708,4,0,21,94,28,16,267,16,3
289,87.55979914571144,68.87402288990373,9.310517457533612,67.7837619837078,4,0,18,82,23,11,256,16,2
29,63.25140706360436,47.845368065966646,10.975096117942147,72.38742136575063,4,0,0,15,2,0,5,12,2
290,82.34782417760593,67.91623603380494,8.880588329978355,76.26374910989018,4,0,14,75,31,8,253,19,4
291,82.94193522108942,69.3329519182142,6.1815893150711725,78.33181622598099,4,0,19,88,28,4,255,16,2
292,88.43782418855064,70.69189690115728,5.1625406582225875,71.48198390587878,4,0,14,73,27,11,281,19,2
293,88.99217269003204,78.48062866791251,5.741978571545636,86.19659240718121,4,0,23,73,20,10,273,10,0
294,81.13038553273577,73.5941120901847,6.259653442070691,92.79362949008707,4,1,16,75,25,14,241,11,0
295,84.85341834485459,74.54173689272673,7.866695716652358,86.07878634217533,4,0,13,85,32,17,229,13,2
296,83.6016290726817,68.1779538131042,6.333771104407725,74.9589670605084,4,0,11,91,28,8,251,6,4
297,74.96483227313934,60.69582633739776,10.073389925349831,76.42406853079656,4,0,10,76,19,12,264,9,1
298,77.29944579290984,58.2439319443475,8.768206005783618,66.31069914107931,4,0,15,87,19,8,241,14,0
299,77.55789247717523,60.65216584642195,8.552803370250569,71.93298043235833,4,0,17,95,23,12,216,15,4
3,26.426799606847858,18.97447746451842,10.457967143867052,87.51353677708654,4,0,0,3,2,1,1,12,1
30,59.69917631401332,48.45264998740446,12.761920810683034,81.72495668473384,4,0,0,5,2,0,7,10,1
300,81.34315242370526,69.38193899486711,7.392240185454783,82.24778498081056,4,1,13,86,32,4,215,6,3
301,64.2084301634508,50.93590972485066,8.723040357971588,76.74929219576006,4,0,16,80,31,8,228,15,5
302,67.35598564307902,53.428153869966266,14.759988520539993,76.23918749014275,4,0,13,94,35,7,236,11,5
303,57.37722189164337,42.567782211219786,9.216002931885358,72.91840936367508,4,0,12,85,30,20,248,14,1
304,49.199668447788746,30.54024433535712,9.652069455640884,61.94421044984955,4,0,8,72,22,15,239,19,3
305,51.134385774106235,38.86891713108737,9.83458161803936,77.70110083130918,4,0,25,71,20,15,225,6,4
306,43.361715062508566,36.78919477732328,11.425312887567573,91.75397563564401,4,0,21,71,22,10,215,9,0
307,36.300375937988726,23.39151620698613,12.728423282352102,74.82380252122734,4,0,22,45,22,9,224,6,1
308,30.623165082456012,25.589241648315408,7.11606059748611,95.81112972358831,4,0,10,64,23,3,222,17,1
309,30.565638800677352,24.64255573945434,10.258708265675482,92.56742838069506,4,0,19,71,20,10,219,9,0
31,60.423725637598025,48.681720914582854,13.58077771130749,79.87371477381365,4,0,0,11,1,0,3,13,0
310,37.18531639611074,30.926122986124422,11.581041291247042,92.54052799625573,4,0,14,50,19,13,184,10,3
311,26.865519050759833,20.376000844445418,11.649235935614522,90.84081079941257,4,0,20,99,15,7,223,19,3
312,49.115681377683096,44.3075949551084,12.607336231859083,97.79333650157969,4,0,11,58,21,14,212,9,3
313,22.31680841553395,13.240790823895878,13.33461100099849,82.07970955956173,4,0,12,55,17,4,209,12,1
314,21.549357051550725,12.328259029839922,11.067308412859031,81.87434990011694,4,0,18,58,19,4,196,16,2
315,31.075036051017914,26.188501410459995,12.378236561111107,96.26384010227983,4,1,11,54,19,3,164,8,1
316,23.594786470714702,16.443766884890717,12.31818409388591,88.09012148521421,4,0,11,62,22,13,153,14,5
317,24.527927920864506,14.349108161611852,12.458227337795583,79.2947493135671,4,0,11,64,26,10,199,18,2
318,30.1644566665583,21.886755801607958,9.142514448788846,86.09716105329582,4,0,7,62,22,11,208,16,1
319,34.40458728507481,23.916636166806914,11.951681406766228,79.22012609991567,4,0,13,64,16,6,204,13,3
32,58.975778025991055,42.04589901881442,12.176124041966657,68.58743888491301,4,0,0,9,3,1,9,7,1
320,41.167023694602904,30.109890810779966,8.915787105107409,79.66598104449773,4,0,22,70,25,3,213,16,1
321,40.17002574145124,30.564747663004912,9.766067080718301,83.7521447996614,4,0,8,50,23,4,201,9,0
322,46.18688526965865,35.8765561048037,12.53140682701827,83.24236537049936,4,0,9,78,17,3,208,20,1
323,52.06624422918395,38.50372262941017,9.77348205744122,75.87757667167661,4,0,16,81,32,17,231,10,1
324,53.53546854796491,40.719948807788015,14.662888036949324,78.75070490070333,4,0,9,83,29,7,262,11,2
325,70.49917808067359,55.509800656948876,10.540818991183157,75.13502942733166,4,0,11,64,25,8,231,12,1
326,57.35677177345219,43.09414601183814,11.999032042651859,73.48247766355132,4,0,12,69,24,9,226,8,2
327,63.35699119971905,47.2339446662055,9.566354838464605,71.72095338025888,4,0,7,58,26,10,234,10,2
328,62.61059654983965,47.09779805227497,9.915269181061902,73.29178837235715,4,0,12,64,22,14,228,20,1
329,64.397010902595,49.28571335161655,11.001871914272964,72.57824186999328,4,0,4,75,20,13,266,15,4
33,58.292007530861056,46.39386886474733,10.976272728698259,79.22318103372045,4,0,0,11,1,1,6,10,0
330,73.54814501909604,59.14377350532565,7.319844327497289,76.79742757379803,4,0,12,72,36,7,232,18,3
331,86.45210492313706,74.08608525286455,14.109592670467633,81.84161830862608,4,0,11,75,31,8,264,20,1
332,78.50066471144156,60.48395601091305,8.581739167938375,69.12788031557442,4,1,14,73,24,9,267,17,3
333,81.95079628804072,67.06740282797006,7.212172245461452,76.40273383660217,4,0,11,101,21,8,270,19,3
334,79.4864766702493,62.09233275937559,8.218269362245152,70.34630029049019,4,1,19,97,20,18,268,23,4
335,85.187299929803,70.61362054515777,9.236437237542754,76.51488120971108,4,0,10,72,16,23,291,18,2
336,86.9792301721938,75.4434238495016,6.744551574588783,83.43658444878065,4,0,17,81,26,16,256,15,4
337,85.24636360219117,69.49427045168818,6.048680292328988,74.28627933440873,4,1,11,86,24,11,315,17,2
338,86.01241324532018,73.3106237813525,6.876525737732256,80.56709236453237,4,0,20,90,28,18,281,14,0
339,78.76843720823729,65.09183313062843,6.279958538502721,77.03463896223373,4,0,17,74,27,15,303,15,4
34,55.24757102749388,45.91894299408403,12.158108800067449,86.08744111300946,4,0,0,6,3,0,2,14,0
340,84.99083502072133,70.67154643637096,7.229141339176791,76.3882006666863,4,1,16,92,20,22,280,14,1
341,81.51385319568779,66.1980272451755,6.181801157229609,74.71802857302659,4,0,16,63,28,27,268,9,4
342,77.33665084273855,65.66252903361678,6.799891118882619,83.68148986263559,4,1,14,62,28,14,252,14,1
343,73.76735614894665,65.08191377086192,7.390101985336912,89.73902932146636,4,0,22,43,25,15,273,10,8
344,78.21098348310696,65.42571234727428,4.671143573533401,79.93217121798514,4,0,14,84,30,6,270,19,2
345,69.53627309919271,58.68100183548061,6.46057219814555,83.87051321491003,4,0,23,58,22,10,260,14,2
346,64.26880079639201,51.053756573673084,7.294327796297521,78.24459481637534,4,0,21,70,14,13,255,14,3
347,67.71747555120096,54.439770383638226,5.977806972526584,77.29853075574935,4,0,18,60,14,8,235,16,2
348,55.76913446436591,42.832818941105835,11.674676595957688,77.06601607720377,4,0,12,64,16,9,241,8,1
349,56.62566956607204,42.2109747407735,9.912821350220115,73.04463978573885,4,0,10,54,18,12,267,12,2
35,51.13808214563016,47.19822626914064,11.044150533460355,101.0659134820197,4,0,1,14,7,0,8,18,1
350,51.054650264264964,40.04602319025623,11.796424264709191,80.67849215395265,4,1,13,69,21,9,263,10,2
351,44.67346380141048,34.099760443561074,12.447159472344735,80.79887490275082,4,0,18,52,18,11,269,13,0
352,34.837151477548744,21.709704397268904,9.12681678725613,73.33298207555973,4,0,11,60,21,14,247,9,3
353,32.13394365023891,23.357331475435654,11.751850488338096,84.55696663575358,4,0,22,56,24,11,248,12,1
354,29.213936338332253,20.949397061871995,11.64807748948753,85.10842965640214,4,1,18,76,26,3,230,21,3
355,22.952060304491784,16.678578752059032,13.216136222258116,90.8155720258324,4,0,21,55,17,6,238,15,3
356,31.858891098153972,25.980518839627177,14.153148706397626,92.97002297309939,4,0,17,46,14,11,192,12,1
357,29.90918172609537,19.38170491013918,10.404533396187931,78.81619470680205,4,0,17,58,13,11,223,10,4
358,21.820707965387008,15.973134578021389,10.21039194438617,91.89615871108722,4,0,12,49,17,5,181,7,1
359,13.643764823312319,4.857415796366311,10.537670588624357,81.78616231200533,4,0,9,58,22,3,177,5,2
36,48.89218012738745,41.305949703715655,10.322503032786106,90.38494766839189,4,0,0,17,4,3,3,4,3
360,16.97403596205299,5.383145909865213,9.302781292961328,74.02762119460098,4,2,4,54,20,6,184,8,1
361,27.86093088398045,17.18385654604815,13.008592991038046,77.91064971268983,4,0,11,60,11,14,209,13,3
362,42.17702097257504,34.726609056590895,10.445139356655849,89.28542707878093,4,0,9,58,17,6,214,8,1
363,28.132265838866005,17.83441767849208,11.576266364294396,79.54299425683278,4,0,15,60,20,11,213,8,1
364,32.64846981057563,22.819826365400754,12.11081147548511,81.42033212780825,4,0,13,48,22,7,211,14,2
365,48.20673797117488,38.55978365238335,13.228880395511649,84.99938072957035,4,0,12,73,23,6,206,7,2
366,46.78471333858205,29.395469704561386,6.300025501483626,65.83779259442748,4,0,12,75,20,1,191,8,1
367,52.449697710587124,34.95791603856871,11.25377823924103,65.69756385890066,4,0,14,67,27,5,188,9,1
368,46.40516826239523,34.82192938385432,13.74025002014339,79.1986422472871,4,0,15,60,15,13,214,5,3
369,46.20130557909066,28.58874271078121,12.105844886174538,65.60865289256688,4,0,10,48,13,14,203,5,0
37,37.32349908410746,28.760852059065794,10.440817468680475,86.31953522643286,4,1,0,9,4,0,7,12,1
370,54.50240366870984,40.93983430337146,8.061202945273731,77.6625434260831,4,0,14,54,23,12,188,11,2
371,63.34267087512222,50.64381219967796,13.795170137089789,79.63174445324783,4,0,15,73,32,10,197,15,1
372,65.41414055012537,49.394863152368664,6.768512573528169,73.377937382628,4,0,12,62,20,10,205,17,1
373,66.79336939128225,52.211338040740415,9.516043942682282,75.68054942094633,4,0,10,74,25,21,212,7,5
374,70.09527742464545,48.97763978454498,9.91631183597636,63.00932660736192,4,0,11,69,21,15,241,7,3
375,70.09914848123826,57.56536990108525,6.486973299851734,79.62696908318091,4,0,18,60,28,9,182,5,1
376,67.51383313901466,52.9227947121501,5.66197166531114,74.910520477668,4,0,13,75,23,8,206,9,2
377,71.14186296790123,59.93818607209803,5.514276799486922,83.19594237142405,4,0,11,73,17,8,200,5,1
378,84.06438909970336,73.73369204862368,7.334858192883096,86.15738835484278,4,0,21,64,31,10,248,6,2
379,84.57015253650628,67.96381741313085,8.347804211521527,71.77630754523531,4,0,20,52,26,20,259,13,4
38,20.62617318855079,10.146216720957236,11.914025071733803,78.10318818943209,4,0,0,0,1,0,14,10,0
380,78.02911270043826,64.82134016519704,5.278429761200218,78.65921770081884,4,0,14,69,18,8,271,9,5
381,81.25163153902982,64.46606884392945,7.953860860427766,72.16587204276838,4,0,20,69,11,9,294,5,0
382,78.74270633434637,66.2619240233753,6.562729884187939,80.38608143747464,4,0,12,58,13,8,289,9,1
383,81.44105676713191,66.54431318646651,8.208072406278957,75.56393537593648,4,1,6,57,24,10,250,6,1
384,85.34749727431507,71.72334688120357,8.90518682013504,78.4411277922251,4,0,14,80,20,8,228,6,0
385,85.25887633371971,71.16194273100368,7.173367530297557,78.33868650083487,4,0,11,46,22,10,244,8,1
386,77.28740261536566,67.70707731665928,8.666411425030669,87.31000728483185,4,0,11,64,18,5,254,7,2
387,70.57050254002776,60.67476974736037,6.309073029543833,86.47769845200325,4,0,7,46,16,6,245,13,0
388,77.90074002169992,68.66902138315508,4.670722986439664,88.30349562292857,4,0,10,61,20,11,272,8,1
389,75.3219796520879,63.69863394071562,4.749194595518861,82.87762957067162,4,0,11,60,14,10,254,11,1
39,36.2437665753565,25.25800691935034,12.62770897797959,78.37605477594568,4,2,0,8,3,2,8,3,0
390,74.167934920366,67.53048385900915,5.307329467652783,94.4192235052694,4,0,17,53,20,6,269,15,0
391,59.69351585372807,49.56642564270671,10.052961363962096,83.9738015086012,4,0,2,62,19,8,213,6,0
392,52.940263366775206,42.250958418434934,8.45244647567939,81.85647273420697,4,0,19,57,18,3,192,11,4
393,55.108986443202305,44.13625563833482,8.694280028120708,81.14381159963854,4,0,6,60,22,9,232,7,0
394,58.60353701279252,52.488318279285544,9.304056497459742,94.7712446663252,4,1,16,59,18,4,207,8,1
395,53.88094965381039,38.07228738754221,10.174612255275871,69.45204886571207,4,0,19,83,19,4,207,10,1
396,59.08745094191522,44.39708520880132,8.396277644661103,72.74372247452429,4,0,15,60,13,7,231,9,0
397,51.849928977480026,42.327790591475775,8.496280391424607,84.31730572320032,4,0,15,52,17,14,198,7,1
398,46.092308657213835,38.947210521373044,8.452204644592081,90.68138541005894,4,0,11,47,16,10,198,8,3
399,37.21433251032634,26.586108803698725,10.089155065447128,79.8102111877233,4,0,14,57,15,7,212,5,0
4,31.263462589614896,26.106638279922066,11.503084224904498,95.42735262899302,4,0,0,9,8,0,7,7,1
40,33.7011378315493,23.760429692333485,11.428250243223129,81.00255175295743,4,0,0,9,2,1,13,6,0
400,27.017597272765695,17.394027393251978,11.610492501547606,81.60204202002858,4,0,15,58,24,5,208,7,1
401,35.23511996783948,29.190674913031447,8.329150997286984,92.80653337671083,4,0,15,52,11,9,221,8,2
402,26.052031711331363,18.990253763228196,11.044013992254913,88.5032000376669,4,0,19,68,17,12,175,9,0
403,17.364778696202173,8.184176837807504,9.61973335675413,80.94445030498187,4,1,14,33,30,7,185,7,0
404,28.972592024588074,21.839695985044614,9.659041807214038,88.80429398122605,4,0,23,50,21,11,193,10,0
405,37.813674732130885,31.714514476396044,11.334013167832627,92.76601034727878,4,0,9,49,13,8,193,7,1
406,22.478423294285545,11.530864607301693,8.83217239726015,76.58643169294292,4,0,12,51,12,5,184,8,2
407,31.00315031637852,22.244011860409277,10.292658097299926,84.1083223282244,4,0,10,39,19,8,171,6,3
408,27.63269721571737,15.979004165396466,7.040246852269862,75.96435359001735,4,0,9,59,24,10,206,8,4
409,33.80037541077071,24.64188435006588,8.315409886413665,84.37461212377475,4,0,9,62,32,6,195,7,1
41,44.28310881955072,32.07233977924181,13.147536941700704,77.86020070791028,4,0,0,6,10,0,4,6,1
410,36.90423912376842,26.945386285051857,7.570507393058487,81.7930281489257,4,0,7,58,16,14,195,11,1
411,50.89307556585867,45.16533890330036,8.915895990251565,95.46659522213606,4,0,9,68,15,14,195,14,1
412,49.76174603652936,34.24202198229018,10.33849676890481,72.39776437168675,4,0,12,62,23,20,180,10,4
413,46.72496210342994,30.038927526383286,9.771404241308826,67.83409789885712,4,0,17,50,16,7,205,10,2
414,67.80275816018275,51.142322949618965,13.24076621959435,72.46776166387828,4,0,14,55,29,18,214,9,0
415,63.72569685278901,40.27333116146284,10.475533638195788,56.75970152705792,4,0,16,66,27,12,214,9,7
416,56.45392573040474,38.841084526425654,7.841761741424585,66.7288052221139,4,0,11,73,29,9,208,10,3
417,65.39483382235544,49.05768033515635,13.184108649130009,71.3103200869664,4,0,15,57,21,13,201,10,1
418,64.22629692760462,46.39437296125646,10.633928278844484,68.29309270390794,4,1,11,58,16,7,222,8,3
419,61.1479548253874,49.20223457221871,10.182736909678763,80.99486909161098,4,0,11,46,21,6,196,9,1
42,31.769757194199382,24.37293455549034,12.494088135801979,88.75182123863667,4,0,1,6,4,0,12,11,0
420,77.05829039550223,62.92182788940864,6.808412851187421,77.10752378893997,4,0,12,64,30,8,238,7,5
421,81.59360468949532,66.55837436104771,6.5554180870264025,75.36185672084288,4,0,16,55,29,6,212,14,2
422,76.3852584697039,63.156288816427164,7.817775299189955,78.54582693433208,4,0,16,52,20,4,234,13,0
423,81.5797615998528,72.43915215105906,7.295400614245601,88.50575880173811,4,0,8,70,23,6,247,10,2
424,85.88717166045083,72.91155996743937,7.580652261488403,79.73083630044219,4,0,8,57,20,13,213,6,3
425,83.16404140310239,64.0816087099713,7.726421771440694,66.90317925957547,4,0,20,71,26,18,273,12,3
426,89.7211251405727,73.96208128303643,6.841698861310917,74.84963771485013,4,0,21,63,24,17,230,14,0
427,90.6631364022414,75.42857000263409,6.718348197193591,75.4197979022375,4,0,10,58,24,15,236,7,1
428,89.6081394766129,77.06981983862602,7.856493925533714,81.18235814130215,4,0,11,63,17,15,230,8,0
429,85.35366383979667,73.92859631640017,5.001296046821959,83.48696948702154,4,0,10,65,18,12,225,12,1
43,39.92999680408576,27.17362500969842,14.090641922628617,74.39940413863441,4,1,0,14,5,0,9,3,2
430,90.26822790203107,76.8793938234099,6.638453644990049,78.94655614982311,4,0,15,67,21,13,254,14,2
431,86.9091141854153,72.08060663609896,6.3547606842845346,75.81489644262544,4,0,14,64,19,6,267,12,0
432,83.93040601349234,65.56583523735581,7.088904788322876,68.37436379986777,4,0,19,61,20,9,264,10,4
433,82.0113177028459,65.94601863161283,11.93995747943986,73.0541802935189,4,0,17,63,21,11,239,16,1
434,74.98319565958698,57.194691139975184,8.447867131685317,68.99575987152033,4,0,15,54,20,7,198,10,2
435,75.95472609540502,63.697305864026475,7.8439298897691305,80.23695204301714,4,0,21,51,29,6,217,14,7
436,70.4544516089551,55.01382567108951,9.412799898886407,72.92745340611513,4,0,23,61,17,12,217,11,2
437,63.6632532621948,46.21328453132889,6.903480609061863,70.08788934519781,4,0,19,43,13,13,248,12,0
438,69.54701655463774,52.17871770732103,5.963588265869637,70.51726679759204,4,1,20,54,29,10,245,11,4
439,62.26844947699609,43.00018793900407,8.262418309244936,64.53819485187891,4,0,28,57,12,9,259,8,3
44,43.788471117745125,33.194568689182276,14.343578377126388,81.75018793982494,4,0,0,6,4,0,11,6,2
440,57.71535918796128,41.01062662803766,14.612495263542797,68.2528993825051,4,0,17,51,15,8,230,14,1
441,50.41710010473604,31.815522023028137,8.361711207551995,63.188141339726585,4,0,15,43,20,8,216,10,2
442,54.419702471128424,42.05806849244454,8.849791231648465,77.86110410219746,4,0,21,49,23,5,257,10,1
443,46.167397142143365,37.20607373940303,11.859307565449623,85.31834622214971,4,0,22,45,20,9,201,13,1
444,35.48731454790293,24.088357013678216,12.180149489074248,76.89120168711473,4,0,10,55,15,9,215,4,1
445,26.690000843057906,19.00828225970889,10.015549586637535,86.74940827137839,4,0,7,51,17,4,198,10,0
446,19.15840900035582,9.519885289826687,10.5248851392595,80.30736206080323,4,0,15,51,13,11,218,8,3
447,29.888896053704688,24.87703362882945,8.446761478253217,95.54853620854058,4,0,15,29,18,7,176,12,1
448,33.69861926002281,25.853394742423486,13.087031948314943,87.39718683594883,4,0,21,46,18,5,180,11,0
449,25.426496661265155,15.321924079389557,9.484028512852579,79.63028107334003,4,0,19,40,14,8,191,15,5
45,27.00965258350285,19.000276047275197,13.3027358562011,86.39465206368725,4,0,1,6,3,1,18,10,2
450,25.30260957044994,17.894907506110236,9.45103162189717,87.48402705344043,4,0,15,39,18,11,228,13,0
451,21.714227703833593,14.098074044158931,8.897164886326761,86.88213617371746,4,0,12,63,13,9,151,9,1
452,23.642008941856982,14.61250672474897,13.233808597836827,82.70712193871148,4,0,4,33,12,4,141,9,2
453,24.5391850930115,15.319937583921535,10.846563269665698,81.88089338819934,4,0,9,42,25,6,146,6,2
454,43.32892296314355,33.77197365197063,12.997835338788567,83.86709718316419,4,0,15,61,13,13,196,6,1
455,35.264390590247714,28.60547034286384,9.516114160458335,91.36497121083985,4,0,12,47,14,5,162,4,3
456,40.2238805144516,32.225266472058586,10.469296825954993,88.08621131234341,4,0,14,36,23,8,162,12,1
457,45.634582876700904,35.058247474948594,10.833543401624032,81.06823670294823,4,0,16,76,27,4,212,8,1
458,45.646104706082205,36.82552989944262,10.152770711525722,86.09014089558296,4,0,16,52,20,10,163,5,0
459,39.691074342463324,24.2504747879852,9.044926647503331,68.4338034366536,4,0,14,40,20,6,178,7,0
46,44.82136445442669,36.15440635947939,13.567005332341134,86.8716375469553,4,0,0,15,2,0,9,13,4
460,59.48719114803975,48.22001444131075,12.57234208190661,82.16644470821123,4,0,16,55,24,9,193,9,2
461,53.00740774044952,40.2562235804383,13.488941447867974,77.97018003156634,4,0,14,46,14,6,204,11,0
462,53.82552224811394,47.08331016881321,12.146774149525195,93.18189155292602,4,1,4,31,13,9,187,15,3
463,58.0310872086958,41.73081215816645,10.744717052109602,69.86482870325787,4,1,16,59,18,10,185,11,3
464,72.14669448079724,57.89692376472981,9.867230356052838,75.96476370177292,4,1,15,39,25,9,193,14,2
465,59.63947084666086,51.90789816310176,11.823068776139749,91.30177347708721,4,0,10,55,14,8,209,13,3
466,67.85716445149451,59.67571576514175,11.481527235198966,90.32876307740959,4,0,10,59,17,5,201,15,3
467,81.99900576049629,67.41196802658024,10.022914889416962,76.45463080266302,4,0,23,59,22,8,204,4,2
468,77.78999982085618,64.61469500000874,9.677164334317451,80.52119150189803,4,0,16,45,21,14,226,13,1
469,81.43450604767119,71.27173676560605,8.439225886652427,86.08799569742466,4,0,5,53,25,8,218,14,1
47,43.18118559731546,33.741301490528244,14.083050416948362,84.79814445746618,4,0,0,12,8,0,13,7,0
470,79.25503822669452,66.02586723715254,8.994378676926926,78.78235815408145,4,0,17,53,28,9,271,13,5
471,87.78263179546192,70.28738617538377,7.291919361228412,70.41067245743558,4,0,11,59,11,9,250,10,1
472,87.62924090023702,70.42118080289495,7.940553934503156,71.26108248446236,4,0,19,62,18,9,265,9,0
473,95.1844723791405,80.78200927697083,7.846110673602067,77.94305005617767,4,0,17,62,16,12,279,10,2
474,89.38310554104287,78.15283824182787,6.057740417010747,84.43482483164068,4,0,12,44,12,17,258,6,0
475,88.47686759886095,79.25198056186086,6.335023306206329,88.72595994513799,4,0,23,62,20,4,271,12,0
476,81.10189044149095,66.41224895505921,7.632601760710018,76.00201745810413,4,0,21,54,15,7,280,9,2
477,84.54934677560983,71.9170684908723,6.148424540985412,80.8724271838145,4,0,9,41,20,7,237,7,3
478,83.7887340495059,68.81374559055173,6.252055767118377,74.62132062907892,4,0,10,37,10,10,237,8,2
479,77.14283228984797,64.74853167930682,10.837257302722389,79.8542447553974,4,0,12,44,12,11,219,8,2
48,41.78772138650894,30.42913272748238,13.665665257735048,80.23985067968916,4,0,0,8,2,2,14,4,2
480,70.40068748384063,57.41390032861001,6.122138396657641,78.52385269628276,4,0,15,54,15,9,253,10,1
481,67.55484965237434,59.2697136204094,6.714291034855292,90.09852343077533,4,0,15,53,19,9,254,10,2
482,61.837334886199564,53.78736889353156,9.512111678228049,90.17469036497315,4,0,15,40,18,8,230,10,1
483,74.09451147880652,58.10600110721607,4.228019088704267,73.16620400926705,4,1,22,41,18,5,240,14,0
484,61.1371295705405,48.668028572529344,11.7872416779708,78.72742886360825,4,0,16,37,25,8,210,12,0
485,56.9138040418516,45.94606770661756,8.87983185799346,82.61508763416978,4,0,16,59,17,12,228,9,5
486,53.481375362312534,41.90890587654389,9.397459109280305,80.7906349200209,4,0,12,54,19,17,216,7,2
487,52.95166797237721,43.964873574316364,11.838773422359617,86.69470568764949,4,0,14,44,19,9,227,8,0
488,50.84462436743069,35.35262004144952,13.870919686672051,70.42479116469741,4,0,22,53,14,10,223,6,0
489,49.484185015511734,43.79582735810205,12.014792903826528,95.1280296074252,4,0,10,45,21,11,209,3,0
49,43.39916066718784,36.89448828542636,9.145413788239471,93.07374773732865,4,0,0,19,5,0,29,12,3
490,43.937675294137954,34.31632074672249,11.91462527312355,83.62055010584395,4,0,17,44,22,3,228,7,2
491,37.72741958873026,27.57169550092878,9.221695740863051,81.42771582111384,4,0,9,53,20,7,199,11,0
492,42.25710503677038,35.49855311038094,9.48109692000204,91.3935717017707,4,0,13,57,25,12,232,12,3
493,39.140471933327035,31.06377620653439,10.113921073604681,87.51628602049543,4,0,18,34,8,6,175,6,1
494,38.18927619288017,26.555143905883927,12.1196799101708,77.12283306495954,4,0,24,62,9,6,201,5,1
495,32.69313945423016,24.506039320804813,8.160891991941442,86.80763293020517,4,0,9,34,13,10,192,2,3
496,30.25106673617007,23.094764094412472,11.947652933151668,89.12818898969113,4,1,8,43,19,10,183,3,1
497,39.955144561668995,31.665766551745953,10.852385552354958,86.83231109717757,4,0,12,62,17,6,197,10,1
498,39.27151755309084,33.382331923097105,7.380150972231756,94.04212139861102,4,0,8,37,12,6,175,6,1
499,33.22704492132881,22.995599039046958,11.411059376338432,81.13440520016482,4,0,12,42,20,10,170,6,0
5,37.07841961184283,32.28887647140968,9.976092806422937,97.11611024468439,4,0,0,10,5,0,2,6,1
50,73.35395580838873,57.196413391912714,12.940619696896045,73.10438282248586,4,0,2,4,3,0,34,9,4
500,39.00365629876516,31.19221857578216,9.155925962999634,88.9653086220158,4,0,10,53,18,7,179,6,3
501,40.141654179115825,30.322292708306758,13.762903978692435,82.80145187288424,4,0,12,52,15,7,176,9,3
502,49.22363903819241,30.38564998949195,15.93651045299787,63.33109516228927,4,0,15,48,11,9,203,2,2
503,74.08411643351532,59.54384357270225,10.00186472580136,76.22246964192853,4,0,12,61,25,11,225,2,1
504,68.94260425997155,54.802995502460355,10.40447284513544,77.14613224495618,4,0,15,55,18,7,230,4,0
505,57.00839966290049,44.61440960556972,10.889906515403222,78.32687857122586,4,0,10,57,20,2,191,8,2
506,53.668828628127315,32.517536448338326,10.204060399279328,60.2989744705935,4,0,5,40,8,4,205,3,0
507,62.82422710766792,49.96091067729765,12.925870856360628,77.98213817174747,4,1,13,49,22,15,222,8,0
508,54.56456522626841,36.663697583447664,10.365882915542878,66.22211107011329,4,0,13,62,20,15,211,4,0
509,69.77768728635596,62.05188607585564,9.151784161503755,91.26927926545618,4,0,7,57,16,3,222,5,2
51,58.40344422632577,45.40687128780379,15.7321070264334,77.63214145873404,4,0,2,29,17,6,111,10,4
510,66.95670710748712,48.536417411366436,7.06703978777687,69.27897982601965,4,0,14,45,20,10,192,7,2
511,74.86488810131159,51.669420865593516,9.620743561429077,58.69043115614717,4,0,8,54,18,11,163,5,2
512,83.6597665024352,58.83973367729815,11.953758745175751,56.88842129208371,4,0,10,59,20,10,231,9,4
513,70.81804772347536,54.20939066416041,8.580302076244696,72.03161549707603,4,0,9,57,16,12,227,3,0
514,84.36936090225564,57.8984962406015,9.101503759398495,54.276315789473685,4,0,10,55,18,11,304,10,1
515,89.4484591618198,69.35053919587075,11.154159235850537,65.62763196733137,4,0,12,76,14,8,294,3,1
516,87.52227168450565,68.22343623009218,8.521416119151962,67.66454941446423,4,0,14,45,17,13,270,6,0
517,95.90790361323016,76.35687088292605,8.200586036522164,67.38173006255958,4,0,12,57,15,16,228,6,3
518,91.61821239244955,71.18406887755344,7.7809368154737415,65.88182421876685,4,1,14,51,17,13,271,8,4
519,90.76538821151941,76.34152861236512,9.086831337360012,77.27930361718981,4,0,14,55,10,11,255,9,1
52,55.35910382492301,39.42468202222532,12.453273004781078,70.49258359097942,4,1,7,96,31,20,287,26,3
520,88.15614058496246,72.45600990925944,6.990746015059193,73.95750291418751,4,0,14,54,25,15,266,5,0
521,85.53007139198992,70.2608619868869,7.530203371363883,76.10358239192547,4,1,21,55,17,13,302,7,1
522,77.59835286945534,64.8050143683998,5.478873897808785,80.38133244394692,4,1,13,50,22,15,265,9,0
523,82.41908074553587,64.18358389607836,5.597786539629319,69.94059766490328,4,0,16,54,14,14,263,8,3
524,86.07300927921945,73.24797287340479,7.543391801898175,80.81014602939834,4,0,9,45,24,12,268,8,0
525,78.56155866444769,64.90271803697556,8.325116126472778,78.37901325931524,4,0,23,48,21,12,264,5,0
526,71.85550283064404,54.5529892709034,8.551315560780607,71.02712839650484,4,0,11,41,14,8,273,7,2
527,64.77328490182025,48.802916613354334,8.58227785023608,72.4234243232739,4,1,10,50,22,11,259,7,0
528,65.95223142876871,53.80904980378533,8.091928292823201,80.66861031337852,4,0,11,53,13,8,271,4,0
529,54.729678426592436,37.562943226570155,11.811813905833107,67.4509136866187,4,0,12,60,17,13,244,2,0
53,64.78828970464059,50.3900193597777,13.162797000766043,77.16810477990772,4,0,12,99,36,8,268,28,7
530,60.229686757889404,51.38927269924032,11.931960326472339,87.77603362307511,4,0,13,50,12,6,226,5,4
531,60.98388969292822,50.43093058045978,12.213932771634118,82.44754766826843,4,0,11,55,23,13,240,11,2
532,46.05116036792013,33.473407445317015,9.10836320598205,76.15935512343553,4,0,16,47,20,13,214,6,1
533,49.67890645701963,39.58620352151907,10.097080756936974,82.89943046202505,4,0,12,45,12,9,217,8,1
534,49.7649185826238,39.87941993103221,5.692744291732883,84.72970264864728,4,0,8,43,19,7,238,8,1
535,38.95690131022692,24.595130995052816,9.346599410417406,69.67219372707282,4,0,12,55,12,9,198,10,0
536,52.9002313160798,44.52624033322032,9.67016553409285,88.03323847176577,4,0,9,59,19,16,230,5,2
537,42.994924147610924,34.79783473953632,10.932880095405606,87.70681056554578,4,0,13,45,17,12,247,3,3
538,37.560344545213944,31.032227167438627,10.515218670582048,91.25241380284176,4,0,6,37,19,9,217,7,1
539,32.17833622298895,23.891895343841277,10.75026562481732,85.47463898539522,4,0,6,59,15,5,184,4,2
54,57.39474574231742,46.8609654951214,11.892570153526988,83.51049443191688,4,0,11,109,30,16,277,18,2
540,32.813249637754055,22.965363551388084,12.171198148837677,82.15720748648945,4,1,13,26,7,16,168,5,0
541,35.38611993074649,26.795268058380042,9.443742199919182,85.95132388658318,4,0,15,39,17,4,203,11,3
542,22.718073410920038,8.83774502213061,13.741346272582136,68.54999301635594,4,0,10,37,16,10,188,11,0
543,32.208604763906884,25.63372278156628,12.639371910879161,90.88614660496386,4,0,9,33,23,8,173,10,2
544,32.46510701634924,26.455967622324923,9.837027662265976,92.68301396115346,4,0,13,56,14,11,144,12,1
545,33.84066286989867,21.57436655208412,13.23308056182871,75.00197559823332,4,0,5,55,15,6,196,3,2
546,29.54699243842731,21.174331090385774,12.047884307796897,85.33629900425282,4,0,10,40,19,10,160,3,1
547,33.443073561096355,26.556683765075736,10.589950976045262,90.55718082823655,4,0,12,51,22,17,144,2,1
548,39.27610800884512,30.860903822437702,9.823380224200832,86.74172519319211,4,0,7,50,23,10,173,3,2
549,32.65182940093785,21.332973227428557,12.049781718892776,77.98127249546948,4,0,8,41,19,8,177,6,0
55,62.57182621300269,47.06472742943332,11.664775420657774,72.07970852676735,4,0,11,96,35,18,327,19,6
550,42.44743074444019,27.093699278074038,9.067142352804806,69.91815507780926,4,0,7,48,8,20,189,4,0
551,47.7925321737711,27.761566624667555,11.519563104860973,60.632612792613045,4,0,10,50,16,10,178,6,0
552,52.43477907716529,44.94188559138438,13.706379160353828,90.97962739371495,4,0,6,44,14,11,193,5,1
553,51.97240223674482,39.70046719898285,12.122344439604047,79.001923544543,4,0,3,33,26,8,153,3,1
554,65.29144839325751,49.882036346966565,10.914790840337718,72.86229868648057,4,0,10,46,24,8,207,4,6
555,64.16776927124356,49.377108627175986,8.207022612801916,74.79639511340595,4,0,6,53,18,8,215,6,0
556,66.35477795506084,47.46362362870843,8.689557866570095,66.2987134986322,4,0,14,47,14,17,240,8,2
557,71.9667710732198,59.10832987363701,10.134583516412226,79.00163496967089,4,0,13,52,25,16,240,8,0
558,74.68215013372513,66.50820765018366,11.071549674340003,90.18194321703213,4,1,9,48,16,5,204,11,2
559,70.71724263384046,55.930514345912954,6.590607270342884,74.72478429543006,4,0,10,42,17,8,208,5,4
56,80.33213513622255,64.96574299856573,10.202029614875496,75.29967571667407,4,1,18,95,40,12,283,22,4
560,78.68468309236106,66.50959661182515,8.679964981766034,81.38399575113347,4,0,5,47,27,9,223,11,0
561,83.68640879430575,71.63567936347096,8.69429117196666,81.64194352151685,4,1,6,51,18,6,222,6,2
562,78.7781145525621,66.6374770770848,9.808848440219307,81.19268434638755,4,0,10,57,10,6,240,7,4
563,85.97637598877368,72.68686560484556,6.9338078319643515,79.30721665091117,4,0,10,64,9,5,256,6,1
564,92.82848328313354,76.95642907372935,7.62845981942938,74.20976764896527,4,1,17,54,16,8,269,4,1
565,78.53777767070294,63.916127409783634,8.801547022812274,75.0439339338225,4,1,7,60,13,13,267,4,1
566,78.00983465517744,65.9002238557136,6.520879086373289,81.17981838585,4,0,12,42,13,4,259,11,0
567,82.72599285316053,68.52477345602539,7.734582109872069,76.80452658026942,4,0,10,45,14,8,221,6,1
568,80.58058192801033,63.79484715166599,5.303205807888214,71.96424314647255,4,0,13,47,16,5,231,8,2
569,86.8176526559901,72.45421057416168,7.678979876567522,77.50867947711508,4,0,8,60,20,5,243,7,1
57,77.55930282355689,67.20232974314523,9.289489735573046,86.58380916015062,4,0,20,115,36,6,328,20,4
570,81.43910965241841,68.29161491797855,6.679375741357005,79.20522396688541,4,1,12,62,15,5,239,12,2
571,83.66765448946292,66.96286150899803,9.106963842496416,71.86864422612217,4,0,15,50,19,1,232,9,0
572,72.04531477136713,61.099107799566475,8.695938447262142,82.76067781058292,4,0,9,49,29,7,201,12,0
573,70.86870738700416,56.44328530343288,6.815989121390847,76.09458868789089,4,0,12,49,13,4,235,7,0
574,73.35376429752249,63.36104112254878,8.008448730402893,86.47716531161132,4,0,12,48,19,5,229,6,2
575,65.64761553631377,53.46222425228534,7.011759556492153,79.96053819108832,4,0,5,45,17,7,249,7,1
576,49.9806223797226,38.9489243430314,9.059974878162919,80.75635359420274,4,0,10,56,11,9,200,4,0
577,54.68848683117086,43.97663087900775,9.759264772897186,82.50392463352411,4,0,12,65,19,8,216,13,2
578,52.03676131904768,41.92057342377921,11.907535263442211,83.16891522380305,4,0,9,41,12,5,205,9,1
579,46.82373489101404,34.77516964745991,15.000125110161603,77.27912930341199,4,0,3,51,15,3,226,4,2
58,78.19422972931513,63.450081612597565,9.63032615728855,76.25190663945658,4,0,8,115,24,12,357,15,4
580,37.43440071378502,26.53994969440087,11.02079619757883,79.02034237396167,4,0,6,47,11,4,194,6,1
581,36.88880126426581,26.28308737839688,8.591506633979998,80.0495665945544,4,0,5,43,19,5,235,7,1
582,25.69836259874089,16.19750820992805,11.567409056780857,81.19336187533729,4,0,15,37,14,5,200,7,3
583,25.73756594995661,18.080982306232823,9.726767854129013,86.76080066208556,4,0,6,37,20,8,206,11,1
584,29.225782480313757,23.433466375235902,10.659198890888808,93.16392666008383,4,0,12,31,8,8,203,5,1
585,22.822822734495535,14.942547193541715,11.878446421078435,85.77850595831998,4,0,10,70,11,11,203,7,0
586,18.126991475082296,11.258528307269225,12.608525954792658,88.34316436537794,4,0,3,44,12,6,151,4,0
587,28.538281277652107,20.50290348379351,13.395185101074592,85.88027636015816,4,0,9,39,10,6,162,13,1
588,9.233951765041658,-1.9432507466262543,15.700740183329737,74.00220231554638,4,0,7,40,11,3,129,11,2
589,21.80700871503001,12.431440050829778,9.915103080990903,81.61700655510538,4,0,4,30,20,8,146,2,2
59,90.05745716855911,73.4975002137114,7.97370495148044,72.8598917705172,4,0,12,112,27,14,342,17,3
590,10.296188642337551,0.30504771251913504,8.105509589967303,77.96982104732732,4,0,5,44,19,4,169,4,1
591,31.048333671361352,22.123707293164905,12.48122785700289,83.94723587593943,4,0,4,56,17,3,191,4,2
592,20.192039095638595,4.989522714065973,12.174828479379977,64.94563268378887,4,0,5,55,19,3,150,7,0
593,24.54417012462233,14.139077617978444,9.053781565814626,78.58079463466062,4,0,7,36,5,0,145,7,2
594,37.62819134308902,26.357646580792277,13.866900648480447,77.93456353137478,4,0,2,59,20,1,178,2,1
595,39.376569168663494,26.539640276444395,10.632091604053656,74.63345213076052,4,0,5,48,10,3,160,7,1
596,45.98684253597465,30.938335727973897,14.18803377943068,71.29505251104696,4,0,3,40,14,5,158,9,0
597,51.44971247618512,35.90340814343253,9.59628254471628,71.55665041312862,4,0,6,43,15,5,171,4,0
598,54.72713230252851,37.59783238098647,12.507500180915299,68.63860251113302,4,0,15,45,16,4,166,7,2
599,60.19196636311839,40.57914596737352,11.548797550023986,63.20127685281792,4,0,16,44,11,3,174,3,1
6,30.46114270953475,19.43895850021652,15.014281018223064,78.23383703945328,4,0,0,4,4,0,3,12,3
60,92.25604395604397,74.8135164835165,9.173626373626375,70.32175824175825,4,1,18,106,26,17,319,18,4
600,58.27598320566672,45.26254082328602,13.580228472223977,77.78614381616707,4,0,10,47,22,4,171,5,1
601,73.65664691052925,56.3017820558709,12.656451053952168,69.07835836577567,4,0,8,59,22,2,190,3,1
602,62.508660474623525,48.474792180706466,11.02605921730334,75.73729187598751,4,0,9,53,10,6,218,6,1
603,75.0549144843586,60.121550374197305,6.764394938271427,75.13327706378088,4,0,10,55,23,5,202,4,2
604,78.7319046384602,61.698926575878325,9.677227926786376,71.20702797157118,4,0,9,46,17,10,225,4,3
605,73.81895269976498,58.23726263872012,8.246001712645393,74.66319546692083,4,0,10,48,10,8,233,8,2
606,82.91125685388741,69.20104773346743,10.185406624452725,78.89750270760376,4,0,7,45,23,7,212,7,0
607,82.13388329222998,73.74974160506235,7.917736564759392,90.40946096201453,4,0,13,50,12,4,241,7,2
608,81.16440163901144,67.20108759131024,10.366378573763493,77.33540726318002,4,0,9,67,14,10,224,5,3
609,80.87833877650625,66.45347708477838,8.483588959083084,76.21999018338114,4,0,10,42,20,6,207,10,3
61,85.45310377994792,67.1853504373275,9.953933989481794,69.44190451543808,4,0,25,96,29,14,302,21,4
610,80.36464457824296,64.85098400252039,7.519597437399474,73.50527212112614,4,0,10,54,12,4,208,6,3
611,79.3926307025026,64.32084493670293,8.924383932538312,74.3157453738878,4,0,9,48,20,11,222,5,2
612,82.23691061420085,68.61592229423161,6.35542218331303,78.51276711665744,4,1,9,60,21,9,265,6,1
613,78.96355243154541,66.19614264938384,8.000009360469333,79.3774634124592,4,0,6,45,18,14,210,6,0
614,85.25690448844418,77.75714377402234,6.991557066476699,92.91461667006719,4,0,7,56,21,10,215,15,0
615,86.0985276389158,75.67778019141285,9.101818946142675,85.09977545147699,4,0,8,67,16,13,194,7,1
616,81.87407285710921,68.22614496748558,8.056204468046573,77.8989748930819,4,0,9,53,19,10,194,6,1
617,63.72644090654963,54.49378544694406,7.696538499628803,87.19783015807408,4,0,10,44,19,11,170,7,1
618,70.64813356647535,58.29655029151704,7.249741684349002,80.27615159491249,4,1,12,44,19,11,192,4,1
619,71.09698911931146,61.30749577206916,7.672631214468052,86.80432757337836,4,0,14,53,25,7,218,7,2
62,92.92253211209814,75.59693614652114,7.880839615112278,70.85562163704739,4,0,27,93,36,20,309,15,0
620,57.524533747589274,43.07047131678423,9.172204995094148,73.71599483419631,4,0,14,48,19,12,192,13,0
621,61.72534984425546,55.55804899841754,9.61535453788061,94.82595422217722,4,1,10,42,15,7,175,9,1
622,62.25168161941417,47.923540057859164,8.291105501380603,74.98868337331957,4,0,9,38,19,12,177,9,3
623,52.33412837014406,37.63902871945015,13.490982210644606,72.09695635920711,4,0,12,60,19,6,181,10,1
624,48.81334132478712,35.52439657094336,12.923905531200086,73.85659608676085,4,1,9,40,17,4,167,5,0
625,26.294527862685307,14.25221547201319,12.956588969850179,74.23896893616207,4,1,6,48,16,3,185,2,0
626,36.19139503995783,28.179647858568266,11.595924135099176,87.72478888806731,4,0,6,54,9,8,185,6,1
627,38.354957072050695,29.348212664368685,10.789506477908619,84.47007313117588,4,1,5,43,15,5,176,8,0
628,40.38088099503709,35.126078766638706,9.716642918341446,95.86730050355625,4,0,8,52,18,4,186,6,1
629,38.45878610456559,32.3651113955498,8.804388339062376,92.7621836729992,4,0,10,45,18,8,209,9,2
63,88.09086521553137,75.39813189193458,10.835210268411263,80.50676715311015,4,0,24,109,40,20,295,27,2
630,39.528350464073306,31.200857672569956,10.912560202742545,86.550404203642,4,0,4,41,7,8,138,4,2
631,19.160992944186216,9.45938227742739,11.677870640976986,80.28195809587893,4,0,8,46,10,4,145,7,2
632,17.531321466386817,9.378679025765212,12.22835301847235,84.31882353566597,4,0,9,38,13,8,147,4,2
633,37.20810722125259,31.031924527311084,8.793821463098388,92.54839876045584,4,0,14,41,17,4,204,11,1
634,33.61755033751938,25.198573382242113,9.495351275094752,85.87344402734718,4,0,10,40,15,5,165,10,1
635,25.466959166906797,19.261716098655572,10.316697307420489,91.64029669000323,4,1,7,40,7,5,118,4,0
636,21.231945695882647,9.866130216447553,11.753988957240454,75.31382593016882,4,0,10,34,14,8,118,8,1
637,13.93515514696004,1.0181067795170775,11.973497612627003,69.67632147189506,4,0,10,52,12,8,143,6,2
638,21.073181863323423,11.05226597166593,9.162961880435772,80.0793202042789,4,0,3,46,20,7,142,9,1
639,36.79865912441026,26.064993464328882,8.470516960562142,80.4949975605288,4,0,5,52,22,7,143,3,0
64,88.67833647644872,73.62649360843238,11.004204214153194,75.14681123298469,4,0,24,102,38,19,326,34,7
640,51.91646222358978,32.81922166737694,9.781041559274204,63.46364039755584,4,0,7,66,24,4,195,6,2
641,37.555834722917055,25.700226792198432,10.934814305968063,77.19901592982032,4,1,9,55,13,6,150,3,2
642,55.04618721121104,34.80320103449303,12.064251279331287,62.75426859593824,4,0,5,39,17,2,161,4,0
643,58.28496195598782,44.060737389952514,11.933098803296362,76.98574971819316,4,0,4,23,11,6,168,4,0
644,61.08019368037412,40.527864465799745,10.80342120686343,63.30519624680505,4,0,5,50,19,9,177,4,2
645,51.03390795718631,33.87542097294544,9.404133119987588,67.3100608157143,4,0,12,50,22,10,183,5,0
646,67.5346557383579,51.5425573231588,8.672710173208626,73.65319622273778,4,0,6,51,12,6,166,9,2
647,64.57207607445191,55.19259195258633,10.729756115599077,86.36014310259705,4,0,3,42,24,4,189,4,2
648,68.60723180916563,51.66531638855069,10.158418510447962,70.01773220477064,4,0,7,41,14,7,186,6,0
649,75.32779450312603,63.79367282146781,12.430125462995663,82.23519081043075,4,0,8,63,22,9,190,4,1
65,86.44587781901501,72.02228016626802,9.233261834636954,77.94117911190186,4,0,13,93,30,23,356,34,5
650,71.84532422361835,60.031559552162335,9.278923070818946,80.93055423744305,4,0,10,42,18,3,171,4,4
651,80.17203205695573,70.45712188724255,8.379581906844694,87.73670216912963,4,0,12,64,24,14,246,6,0
652,79.82797634348387,68.71924406881035,8.188242542497457,83.26608092672465,4,0,13,46,12,10,199,5,0
653,74.47796649800257,64.70502642771508,7.467520075916111,86.55455058929705,4,0,7,48,14,7,208,6,1
654,77.4297892728032,64.9069287646203,6.86916546502516,80.42366307503032,4,0,10,65,20,10,235,11,0
655,83.55641816443399,72.87044811105034,8.706052735109798,84.17724299559036,4,1,15,44,17,5,208,8,1
656,86.11471917315569,69.30093448862799,5.929695163551863,71.53701895431219,4,0,14,51,18,10,264,6,7
657,88.85888515224993,68.55429367219439,9.938138111310767,66.27184659036223,4,0,8,57,21,9,291,8,1
658,83.29534969445707,69.451247927182,6.221951222505593,78.18154843981274,4,0,13,45,16,9,245,2,1
659,85.34946545274943,73.69399727575706,8.990982733085561,82.72939030994019,4,1,15,62,25,7,235,4,0
66,82.88293672207215,73.56999819728337,9.07443615254981,88.86469417918329,4,0,30,102,43,29,293,25,0
660,75.95349929002374,60.808720322706414,9.379020289593623,73.76207278703987,4,1,23,45,18,2,220,9,2
661,83.7403623486848,74.83263327304212,5.619783865421666,89.477937580381,4,0,15,45,26,4,223,7,2
662,79.8937030969291,69.99045769902094,7.7181264441613235,86.8172598767032,4,0,15,38,16,8,189,6,4
663,76.14317294958697,62.06191874089495,9.747041688993074,77.37687356651124,4,0,13,49,16,3,233,7,0
664,76.01678597334787,64.5628235204837,5.305706420946302,82.9960464266439,4,0,13,44,14,8,192,13,1
665,64.22704410150642,54.43478481887574,13.70815472912316,85.14867125277556,4,0,7,50,23,8,214,10,4
666,67.00896606750217,53.04169572654235,9.977025005311598,76.06578291797716,4,0,14,41,21,11,210,7,0
667,61.83270676691729,40.59586466165414,10.559210526315791,60.02631578947369,4,0,12,61,24,10,216,7,0
668,58.48753230773355,48.66507637529309,10.961756509744125,84.76615776724137,4,0,8,44,14,9,225,7,2
669,61.9408787538085,52.42134879188168,11.112454489650716,86.64554381047971,4,0,14,51,16,5,192,16,1
67,84.33719876614612,73.33802053209948,7.930928764218238,84.66749277038751,4,0,21,93,41,14,313,22,4
670,51.44421013044547,37.05551537986039,11.056018791779625,73.48762103611715,4,0,6,55,20,4,227,8,0
671,45.586047638304144,35.71680284534235,13.828608830344322,84.12541391766665,4,0,9,49,19,7,194,5,0
672,46.736009360170975,39.36458739225286,11.949719794679847,89.92103010940727,4,0,13,63,13,10,149,5,0
673,42.3264813959418,38.03643403996836,8.87904284384866,99.52256524558466,4,0,8,60,22,8,225,7,1
674,53.506437074582145,46.31745222222834,13.083729085614081,90.9906173661871,4,0,11,53,17,9,262,11,0
675,44.003145450804986,35.819122073661575,13.298281892407365,87.6307125521324,4,0,12,53,20,7,227,10,0
676,36.46937479883441,30.192577468648157,14.124599633245552,91.9869604797675,4,0,16,43,12,5,222,10,2
677,34.1717771293891,26.2401607033722,10.458822360433205,87.16025642956264,4,0,12,50,24,10,199,8,0
678,20.773343133680164,11.652976321339628,13.570573305228166,81.33880104164714,4,0,22,53,15,16,181,19,0
679,27.8187192709172,19.465916101608837,8.105505506385134,84.96615711912477,4,1,10,35,17,3,212,11,1
68,85.33213154222551,69.47474209464005,7.146455008968435,74.22140008030716,4,2,12,107,28,26,321,15,4
680,40.25219058208211,32.4494479749581,11.122100288499215,88.44410297578942,4,0,13,44,20,12,181,5,0
681,28.733767097976457,18.573556191907947,10.663317362048106,79.72718653642143,4,0,4,38,18,9,192,5,1
682,30.184752780862024,18.898572269405953,12.433265266054764,77.88756131515912,4,0,12,43,17,6,198,5,0
683,42.02224870466622,29.909888982689715,12.29732409338935,76.94576571578077,4,0,14,49,19,8,224,5,1
684,39.31768104923375,28.937732025862832,12.562337161182796,81.20354043543689,4,0,12,54,19,3,187,12,1
685,57.44873042988937,49.36204874294068,9.200040770211944,89.24439975875052,4,1,8,56,32,11,186,4,3
686,51.18154817248264,36.63301602931444,12.670561371543775,72.52289747796853,4,0,13,52,29,2,195,7,2
687,49.61458756403089,40.34413823855596,10.25412632028444,86.22844721606599,4,0,8,54,17,4,202,5,0
688,47.86609134792616,36.17842686309827,14.98444801360384,78.79567577433355,4,0,8,48,20,10,212,7,0
689,48.569277531385275,32.56445594944238,10.353793058585351,69.24275390394529,4,0,9,34,27,6,189,7,3
69,79.40992827021225,64.21641577714601,7.2959017798368695,75.25076715036148,4,0,22,96,46,28,278,23,3
690,65.1637613183851,48.579051371824676,7.757548461644954,71.90040468002915,4,0,10,56,22,4,206,10,2
691,58.13550618758104,50.04730910749732,12.028884406304552,90.50555293379183,4,0,9,44,9,12,198,6,2
692,61.5063420690055,45.50637729473641,10.453606561630496,71.74827882702563,4,0,15,56,20,9,224,5,1
693,61.79938825997574,50.156709133489514,10.179732097940104,81.55842718092786,4,0,9,55,18,5,213,4,2
694,71.98213049988887,49.38543243709338,7.219441846823487,60.347283772344774,4,0,7,64,20,17,221,9,1
695,82.31550985492352,68.54249276910528,9.694262637078277,78.0005172343332,4,0,19,72,22,3,280,14,1
696,77.31719644688125,62.08970572164593,8.57927722616592,75.1645976411068,4,1,13,49,23,7,207,10,4
697,84.35446499777143,65.57017894989322,9.052165236051767,67.56058964538194,4,0,11,60,18,5,288,13,2
698,86.85024225127277,69.90115087693042,8.987604123966062,72.09261542211793,4,1,19,62,22,7,232,12,2
699,78.73022570713701,61.194967970778215,7.952368312311614,69.15357782102656,4,1,12,52,27,8,226,14,0
7,32.61195871090485,18.052966646936202,13.416120001951384,69.30733796951596,4,0,0,14,10,0,8,6,1
70,74.07123440966176,62.13776629959771,10.32047087523597,82.14517064693074,4,1,26,91,37,27,301,26,3
700,86.98786137568459,73.62813260119968,9.383684373943693,79.14146862854831,4,0,13,62,17,8,214,10,2
701,85.31179056626685,72.04351442217722,8.475707459302866,79.05877669723982,4,0,16,42,12,8,243,12,0
702,89.8096162821114,78.16074134530656,7.435762182400417,83.24092301602244,4,0,18,59,17,8,272,9,1
703,86.71280949835146,75.1700571758709,5.858662072662462,83.08855524678128,4,0,18,58,16,8,394,10,0
704,88.52053431970812,74.72967711780879,6.71796643610772,78.22487398022894,4,1,18,57,15,4,218,14,1
705,83.91731246565436,74.51522451388846,7.812162204035364,88.15362679961773,4,0,16,76,21,10,243,20,0
706,84.08102115245195,75.06560398682805,7.243343030824442,89.24740292039132,4,1,30,55,25,8,245,13,1
707,82.5491414715442,72.34320793446845,8.496518166513276,85.8124265730002,4,0,23,51,24,13,237,10,6
708,81.21097779345408,71.43709149795332,8.24162316906738,87.36190497962038,4,0,21,50,16,24,259,20,1
709,81.6428102538616,69.27415812426435,7.2828104216257765,82.0100844066817,4,1,22,57,17,5,265,10,1
71,76.94108174948826,64.81618660714193,9.924572289718244,82.15065105594265,4,0,15,104,42,12,290,23,2
710,73.53556236403554,63.19482841345727,11.689300737599003,86.4456398155328,4,1,16,50,17,5,246,10,0
711,71.44563128255825,63.881711361527714,7.100550275935733,92.09680212029427,4,0,21,57,18,7,216,8,4
712,66.36828844131892,57.157257707653926,8.950608024959388,87.39497849754831,4,0,12,44,23,8,236,14,1
713,65.07485428059758,53.97796336083228,10.675615809540858,82.30299809521878,4,0,16,55,27,5,235,9,1
714,61.41660538414863,54.62355025829785,9.86657469122983,93.004319607376,4,2,16,61,22,12,213,19,1
715,61.47390707626372,52.548166901739215,5.874350501838747,88.16546553610401,4,0,18,72,23,5,239,14,0
716,54.95140922883038,44.18079985843671,9.084408585230921,82.3400071504868,4,0,16,55,26,19,210,11,3
717,43.320068037945425,34.66435224907866,10.962140276401412,86.37383767735484,4,0,15,40,16,10,213,5,0
718,45.60486922035606,39.27038023762609,11.850326008561765,92.84290234404918,4,0,16,46,15,7,274,9,1
719,31.083264851374764,25.665920144216706,10.499084659626803,94.7083187636894,4,0,13,45,13,6,244,15,0
72,65.58541335214161,53.14947295215446,10.734413109924944,79.48112180457632,4,0,15,87,34,21,300,13,4
720,14.643222559184803,6.329052856132448,11.495020958967418,83.7560345679866,4,0,13,43,17,5,210,10,3
721,36.89973321000938,30.504164983940083,11.909505448141596,92.44731109283659,4,0,13,40,17,9,232,16,1
722,35.414520679055656,26.525537555078497,12.305225281937114,85.00538208385039,4,0,9,62,18,14,229,9,2
723,22.74730116347872,13.554834456267187,13.477680553048241,81.9707391102004,4,0,11,48,16,5,167,17,0
724,37.41880284154005,33.767947070069155,6.639729130627067,101.50156884677857,4,0,11,49,20,6,204,8,0
725,41.20331976241845,36.580830323428714,10.683042216845262,97.94729061908298,4,1,10,53,19,8,252,13,2
726,31.37676558764129,18.17564671459476,12.216380093296323,72.34134496771131,4,0,10,40,20,6,228,14,1
727,39.23300678670238,29.570132004016926,11.14138169132165,83.74539742955861,4,0,9,54,24,5,222,8,1
728,52.921245354382634,37.84672541338294,8.82995732350429,71.79034810707164,4,0,8,77,25,10,227,10,2
729,48.18592191133343,41.03592348963408,12.886568876892929,91.62459270126422,4,0,19,47,21,12,178,12,2
73,55.64650596638236,42.694810784531015,9.65768636378894,77.34213717317165,4,0,21,85,37,17,261,21,6
730,46.62051904079239,31.62303514924009,15.986563700361089,71.0771292697084,4,0,8,44,13,7,184,9,0
731,31.95384383392377,16.17941389121358,10.034833414681229,68.50405197786198,4,0,15,64,18,13,205,5,0
732,48.26629888541913,37.44054959472518,11.767304621643149,81.6454928999339,4,0,22,76,17,5,167,5,0
733,51.12943219164905,44.078273189795766,10.095055039283837,93.70091943107334,4,0,15,54,22,11,239,15,1
734,57.47476213064548,45.7096272216881,14.500536573810715,81.29391796154246,4,0,14,56,28,6,221,13,0
735,64.81450875981588,51.18259249206431,10.113641536648666,77.63395552773947,4,0,25,62,25,3,236,9,2
736,65.38421905991974,49.92262474267894,10.720073356844425,73.59527425447534,4,0,17,47,20,5,248,14,0
737,53.99631743188564,47.32398980734736,13.43108926448187,93.38128163611033,4,0,15,60,21,8,236,10,2
738,57.141632564058966,44.207987172958575,9.176143938231686,77.56999245209964,4,0,15,60,17,9,270,7,3
739,73.1443400774333,59.573005490172754,13.52042318210893,78.28361609223803,4,0,24,54,29,6,270,19,1
74,50.471876978699264,41.04295317780855,9.934812284162714,84.83675406895348,4,2,29,97,32,15,253,32,6
740,68.45498141445442,60.659473669246644,9.234334949052498,91.65341931062463,4,0,15,69,29,9,244,6,1
741,78.20767894544406,55.851440939716504,8.65617192090563,60.68135587726858,4,0,22,62,23,7,260,7,2
742,84.09367274162388,61.30351501766974,10.880966978021856,60.200915183887325,4,0,32,76,30,4,318,19,0
743,83.07062076571518,69.31832335980592,9.780400339162322,78.22992111168296,4,1,24,64,33,10,279,13,4
744,79.23429798409786,62.36959315464834,12.175471347124164,70.96951529744547,4,0,20,61,23,10,284,12,1
745,85.69935981618123,71.61478358166111,7.474319976216262,77.39622818820048,4,0,22,64,18,4,266,13,2
746,83.494828491614,71.81396903880356,7.963868853188825,82.7408283671673,4,0,18,68,15,8,287,12,2
747,85.14582999923269,74.53395312758822,7.294906561047652,85.7588321758766,4,0,18,71,28,12,299,15,1
748,82.86844414390046,69.13792375303767,7.974289587068802,77.61142916391599,4,2,17,65,20,6,316,11,1
749,79.71252989468432,66.64226920774624,7.309206189002151,79.01837429909776,4,0,20,80,27,18,582,16,2
75,46.006203601378765,33.99871584226978,12.305413829205738,76.86308446889718,4,0,18,102,37,21,273,14,2
750,81.73104449957737,68.6058384391443,6.435581722696304,79.13999612551966,4,1,20,62,28,11,354,17,1
751,82.73524992816586,69.38518992835257,9.256382139143556,78.5823871597986,4,0,26,81,27,2,296,10,2
752,76.44057280739159,64.86570780474914,7.594357766577473,82.051098152695,4,0,24,44,21,11,273,12,3
753,71.96020438879557,58.30814186699762,8.386120216611141,77.19767645916758,4,0,25,64,32,14,245,8,1
754,77.25689047872811,66.02789645841578,6.349318355731447,84.15958105244381,4,0,12,67,29,10,304,11,0
755,87.65514431803562,73.91964796702008,5.828847997741952,79.58840631458752,4,0,26,82,32,15,293,13,2
756,75.68307255460368,58.80638820368964,10.2173628182933,69.71651638847928,4,0,26,59,25,23,272,18,0
757,73.70226136233782,65.70085192814433,9.786617626824759,91.9806192882802,4,0,29,48,27,11,299,15,1
758,66.64995994417035,55.34891126282603,9.52269002090282,83.84466688952564,4,0,23,69,23,11,303,17,1
759,60.27384403753564,51.050104836355175,12.079412209479703,87.03099122531201,4,0,29,60,21,12,321,13,0
76,53.051571083500725,44.24908529636675,12.376621211056179,87.3726105451052,4,0,15,81,43,17,258,26,5
760,48.461245512065595,40.031134263577584,10.087895312334913,87.60292525095187,4,0,23,63,24,5,299,17,0
761,42.547510107608744,33.189214365458554,8.051754922726364,84.12191034236892,4,0,30,61,37,9,328,18,0
762,44.94778595355682,37.54991324874904,12.471372103602718,90.11968476700245,4,0,39,59,28,8,300,20,3
763,47.60170747129333,33.650351813081826,10.992037983260813,72.57438829247927,4,0,21,47,27,12,261,14,0
764,47.568936155004266,32.81441685127001,12.030440166497224,71.01679944705155,4,0,11,53,15,10,287,19,0
765,30.109185955908973,19.3198523789636,12.425457776558508,78.22270445120141,4,0,12,46,25,13,289,12,0
766,42.011668821569955,32.545918768156,9.162063064858327,84.0243948430192,4,0,35,42,21,9,343,11,2
767,13.683939797228021,4.736378946511214,9.782175573430603,81.48255124644778,4,0,19,44,14,12,273,21,1
768,7.687838494579485,-2.593543588034124,11.009651021926715,76.40955579724051,4,0,27,62,17,7,215,22,3
769,31.505597197735046,25.941202693016606,13.34133009004484,94.59913519385525,4,0,19,55,23,8,248,8,0
77,45.530829294700894,34.87713280176212,11.170288457853875,81.05995815389012,4,0,20,69,30,15,275,23,3
770,34.91388050714894,28.849244906798216,11.77322049165576,93.04773138913858,4,0,14,61,31,10,281,13,1
771,38.50602992386174,28.360436018118527,12.057726053474184,81.50199932601559,4,0,16,68,25,5,264,20,1
772,20.036462098045085,9.904404709283455,10.043878974931332,80.03843175659885,4,0,13,33,31,4,208,8,1
773,30.187328677148887,24.02786624646856,8.402201199807076,93.02918915615847,4,1,16,54,23,8,207,2,2
774,43.407934530467344,39.242434703030234,11.836485019177783,99.61004338829923,4,0,17,60,32,8,227,5,2
775,46.371569427715244,33.91553766417917,11.483289422148868,77.5410685494357,4,0,20,56,26,5,212,8,0
776,37.02881453504411,25.443356593349613,9.378837476456734,77.8663925392025,4,0,9,71,29,3,190,5,2
777,39.66561537771476,27.03786213806369,10.653629711351806,75.72049170402519,4,0,18,62,26,1,222,8,2
778,44.315493299654506,31.51844318161756,10.349683450197036,75.65443631576785,4,1,18,67,30,11,250,4,1
779,41.745688404807254,31.214657749364587,10.691922815359723,81.8558602912665,4,0,13,52,25,3,227,8,1
78,37.96601312227853,28.553396503795305,9.789166464886675,83.05083358421503,4,1,18,99,33,26,286,16,1
780,44.85245926399779,32.09630511028781,9.741503610798215,77.06837219097655,4,0,10,60,20,7,265,6,1
781,43.40762606511819,32.09025482021419,10.86734728919228,82.64021729521987,4,0,15,70,25,9,282,11,2
782,54.417620119045935,36.02738815782095,9.39575681140246,65.66017383191415,4,0,24,61,22,2,281,11,2
783,74.46373502630365,53.804812679613065,11.115693385012507,64.93020233632966,4,0,18,76,31,9,304,15,0
784,68.07678176534154,57.99997999383579,9.973962088947934,86.90180598653806,4,1,10,58,29,10,301,13,0
785,66.42148228727126,59.16437782530795,6.618778385741214,93.74842532271494,4,0,15,57,27,8,274,11,2
786,88.39479572142764,72.49764980182195,6.295144415899999,74.27793354485148,4,2,17,93,39,12,327,10,5
787,74.12251211299167,61.361071976677934,9.570959770212541,79.46462501991944,4,0,18,69,35,5,271,11,2
788,80.74480866891183,71.59704522146943,6.82943301956467,90.26190870513798,4,0,18,65,19,8,321,9,5
789,81.65630153897224,74.40824718876615,9.195625470440815,94.09498631304461,4,0,18,71,20,8,321,17,2
79,30.626262069808252,19.407197093039674,12.546297445820542,77.58307623538508,4,0,17,67,23,12,202,18,5
790,88.08776917365034,78.52564384723532,9.24449522434577,87.98854180350001,4,0,19,68,26,3,320,5,2
791,87.3412471618834,73.17724050743126,7.464898465605237,78.61248323446894,4,1,20,85,35,9,253,13,1
792,87.78343673426285,74.10815043717109,6.323931568098791,78.8817199278625,4,0,22,70,22,7,304,9,6
793,84.09678325148057,73.61850598619408,9.477589626045864,86.34533227394301,4,0,18,76,32,5,288,15,1
794,81.82179661621817,69.04847954763945,5.627604734421239,80.64740361335404,4,0,10,68,26,5,424,15,2
795,88.15611991497333,76.46444813727223,7.287275489973005,83.90124619107355,4,0,17,56,17,7,420,17,2
796,86.46228943299813,74.5488491286853,4.898739997853868,82.97364786170739,4,0,18,72,31,10,334,6,0
797,83.72457913008257,72.38476987230261,10.1322719069902,83.91691356215931,4,0,18,56,27,7,282,17,0
798,85.3448553954585,75.61488850930512,9.06334393388226,87.21442689477037,4,0,21,77,37,8,274,18,0
799,77.29152855783222,66.05545749488853,10.26931762053961,82.66535100837686,4,1,28,59,26,5,253,13,2
8,41.44039729003715,31.985866645911823,13.787418006551333,84.07581630562534,4,0,0,12,11,0,2,8,2
80,34.12695516118365,22.600248747099307,8.817084692736453,77.53106595251772,4,1,14,68,35,28,275,18,6
800,83.2275405870081,71.85865776231397,5.947980725802192,83.63622874825823,4,0,17,73,28,10,286,11,1
801,71.18077935540653,58.3891725106986,8.8196481538637,78.65928867267989,4,0,15,71,34,12,251,15,0
802,70.97427003523462,62.33286766311129,9.406611658761616,88.95916167054766,4,2,12,82,26,5,240,16,0
803,39.41388108061441,35.52208778320886,5.483801466224278,45.96436788213247,4,0,12,33,10,0,102,7,0
81,41.878138578389844,34.0119369304107,16.279153802871182,87.83980272532776,4,0,13,86,25,24,300,25,3
82,31.538133145922746,24.895748100103273,12.169443603138008,90.75333866559176,4,0,8,58,16,28,243,19,0
83,36.983158682208405,29.330573652830875,11.669304749374094,88.33293339182742,4,0,10,102,31,21,272,16,5
84,30.399514403238452,16.161758841133793,15.41245215868736,69.31457603092497,4,0,22,74,28,25,237,25,6
85,16.837401961284165,1.5158265171447245,12.370962378354166,64.57121537863046,4,0,12,66,23,19,250,10,3
86,19.45519024212437,7.600209165552077,11.920584588754505,73.9876261580653,4,0,8,51,27,24,222,16,2
87,31.29540553641834,23.264519738199713,11.963213834453894,86.98349507362661,4,0,9,84,36,25,210,19,4
88,23.340067920663806,9.922289628643364,15.64876255961926,70.12769238923514,4,0,6,90,23,20,241,18,3
89,33.76378763401395,23.07427567206207,13.16969866055553,80.38921034919801,4,1,9,70,34,24,247,16,4
9,43.17293777108044,30.442001367364036,10.228211905427385,77.29154781760326,4,0,0,15,5,0,6,6,2
90,25.223667459815466,13.763353281759354,8.422532731385909,76.54571170624301,4,1,8,75,30,15,215,11,2
91,26.74961452124422,16.761530983626088,12.340429862388342,80.59112277929178,4,0,14,78,29,17,244,18,3
92,49.41765218288267,40.882708167828916,11.517676616002236,88.3123907135616,4,0,10,88,38,17,279,16,8
93,57.58905217167967,41.60834213416141,10.735688971743391,71.46199402192742,4,0,11,95,34,17,259,12,4
94,49.86891379946123,38.203899024175406,12.26039383020515,81.0345172189844,4,1,11,88,29,19,234,20,0
95,43.31213313452809,28.864116645881353,12.306777831838117,73.91909465262407,4,0,13,95,26,25,242,23,0
96,64.22573075850387,45.923178819757446,15.127331762986023,68.10106699089893,4,1,15,76,17,9,240,21,2
97,58.52076561782444,34.432122888005246,10.954378301437123,54.42339033515504,4,0,10,89,36,21,234,14,5
98,59.88147692947984,46.70245958489121,11.742797738833314,78.00735743360845,4,0,6,74,33,18,251,19,3
99,65.762385627049,52.87117383128354,14.613928738373039,79.80707542387503,4,0,11,101,43,9,242,28,3
