2001001,22.771217572259875,16.687829445376067,10.630539089365792,78.05302904766329,2,0,0,0,0,0,2,10,0
2001002,27.13778063759624,21.379874332867,8.359248757387498,79.26568951206214,2,1,2,14,17,0,8,5,1
2001003,25.86927234170504,21.204124725744702,10.093042871342602,82.72638566108424,2,0,2,24,7,1,6,8,3
2001004,23.72324987867389,17.142872548807333,9.588672064146648,76.5276991417446,2,0,2,23,15,0,9,11,1
2001005,27.136261024057166,22.50389855389467,10.051029430383952,83.20034675815154,2,2,1,33,21,1,17,8,2
2001006,31.375109097087005,27.28122560272251,9.53537977034764,85.22586448093075,2,0,0,33,11,2,17,9,2
2001007,28.82413989423793,21.728300376094495,9.15626942289675,75.60014651289161,2,0,0,11,10,0,10,6,2
2001008,29.715545811306278,20.297123142591683,13.592170185585918,69.48083059170997,2,2,1,20,12,0,6,12,2
2001009,29.827432044358478,18.076011691656124,10.120416499105023,63.77398208074135,2,2,1,43,18,1,11,12,3
2001010,31.151688842700256,19.775320222011366,12.043775458901509,64.26632186631721,2,1,0,31,26,1,4,5,4
2001011,36.63995196203556,30.15885494254744,11.996680092423247,79.16372808019041,2,0,1,36,25,1,4,16,3
2001012,36.17055407381302,22.55682733328012,9.991099123721579,60.327736294285934,2,1,0,26,25,0,9,7,8
2001013,37.21509075267171,24.857403987170247,8.925720512890324,63.21156129142612,2,1,0,36,26,1,13,11,10
2001014,51.4954750749693,39.05126010286279,10.69275988288013,66.64305716076845,2,0,2,30,17,1,11,9,5
2001015,52.06705561398356,43.673664173749636,12.390107361848363,74.57671497184462,2,0,1,33,14,1,8,6,3
2001016,54.65000368077892,41.629123358986064,12.422920477608804,64.97645023881708,2,2,0,1,1,1,2,8,0
2001017,57.28478175633432,37.26978092624187,11.666612587027245,49.89059381634116,2,1,1,33,11,1,8,3,3
2001018,67.4296637960777,49.19597890434066,11.268549348748987,55.28439802400815,2,0,1,38,17,0,16,8,6
2001019,62.570387272708764,47.45517812290379,10.02481206157677,62.47342493861543,2,0,0,26,13,1,7,4,4
2001020,68.5920879120879,52.192260200783615,9.22685916172489,58.23616689433016,2,0,0,24,13,1,6,11,6
2001021,54.526646741892876,47.609211093840564,8.912686491723983,79.17119891331969,2,0,1,37,10,3,10,9,4
2001022,55.28869603659709,46.06241417752662,9.493997578221181,73.7198849293302,2,1,1,26,17,7,17,5,5
2001023,61.39116228811499,53.455739768451444,7.793745769311682,77.90802287085931,2,0,0,19,5,3,6,8,2
2001024,76.10496206026873,65.69319911292777,9.349157853557564,72.33429632125929,2,0,2,5,2,0,3,3,0
2001025,69.81082411273137,55.9757077139811,8.481024770965712,64.47555967398563,2,2,0,3,0,1,6,3,1
2001026,75.9074386397916,59.55247595541713,7.875530942487464,58.969241542770966,2,0,0,3,2,3,11,0,1
2001027,69.48085779062471,52.35869323055782,9.142676819542524,57.54540295073036,2,1,1,3,3,0,4,5,0
2001028,75.0937045686761,55.67755336377728,7.650172028711234,53.62705861500928,2,0,0,8,2,3,4,3,0
2001029,79.51794470442643,69.95000105310604,6.49632313391659,74.61410450619726,2,1,1,5,3,1,7,7,0
2001030,75.19387269499182,66.64916240351661,8.486809860943785,76.64745540617605,2,0,0,6,2,3,4,7,0
2001031,79.77557341101708,70.22813719481216,7.283448734674273,74.7573113986125,2,0,0,0,1,3,4,9,0
2001032,78.6282868475153,65.547623144781,8.047789218902809,66.30236656652922,2,0,0,2,1,1,0,10,0
2001033,68.69413578870983,57.893344676508974,8.151507788337938,71.12561211044984,2,0,0,1,0,3,5,9,0
2001034,71.94048273155416,64.3284497645212,8.358684644849854,78.63281789638933,2,0,0,0,0,2,2,5,0
2001035,70.19232470316061,58.53367071524967,7.870349851149494,68.67457274407738,2,1,0,6,1,1,8,8,1
2001036,71.90749135016934,62.73217668644556,10.208929129372716,74.52708810393885,2,1,1,8,2,2,13,6,1
2001037,64.14440564614814,50.19503665036406,8.52695471195658,62.506837132530805,2,0,2,17,14,3,17,12,0
2001038,63.01381795341961,56.56914544564795,8.331542023033162,81.01027528348823,2,0,2,18,18,4,11,16,1
2001039,54.181471090660914,43.39163683627583,9.87024268326944,69.11971495871897,2,0,1,32,14,6,11,5,5
2001040,57.47364576049498,45.79428210521854,8.452263639225466,67.94021765303036,2,2,0,22,15,3,15,11,8
2001041,58.792928960314605,50.01785220654335,11.527108538767074,74.98830115818123,2,0,1,17,11,0,14,8,2
2001042,51.058933040357196,37.14302997811401,9.63909475457463,61.406039572005966,2,1,0,30,15,1,13,5,4
2001043,48.327924924150274,38.50896121241139,13.581521085580276,70.19634639056291,2,0,1,37,14,2,11,7,5
2001044,54.88711668732971,41.067976940892336,11.000220702970424,62.974851472325604,2,1,1,35,16,4,12,10,0
2001045,48.050772575340375,35.92218446449151,9.002942670261818,64.88640273265644,2,1,0,23,14,1,12,12,7
2001046,53.578196803196796,45.997640238755444,7.985724177186381,77.84353668866537,2,0,2,17,7,1,12,10,2
2001047,45.546376628835645,34.321683521664234,11.980187506696668,66.441114696404,2,1,1,16,10,1,8,9,0
2001048,42.167061009903136,39.33537931217604,9.80343732510009,90.26626998825857,2,2,1,36,16,2,21,9,4
2001049,47.01325260276459,39.98166072628241,9.794773105334814,77.87149440368727,2,0,1,35,14,1,11,11,4
2001050,39.42016778581141,34.670822065277804,7.559895060782243,84.25578237993896,2,0,0,49,20,3,13,6,3
2001051,35.74496410627915,27.451404848672883,10.436062746563787,73.73509141834556,2,1,0,32,17,3,11,9,7
2001052,17.799014047466866,10.065984860243216,12.412827627885068,72.0983674364146,2,0,0,0,0,2,5,5,0
2002001,29.500371495034244,19.514078239196742,8.925080557565625,67.51447037988873,2,1,8,26,7,23,83,18,1
2002002,35.34558206499383,25.114818318935964,11.248231180584122,67.19431029754558,2,0,0,26,12,1,11,16,2
2002003,27.081113877911914,20.033243713046666,10.104437991049533,75.24928799990376,2,1,1,27,13,1,18,11,4
2002004,40.330364473949224,27.58085771633117,11.930336813786292,63.25121908107151,2,0,1,31,13,0,15,11,3
2002005,32.06188173632393,26.737606920162698,11.388573280287122,81.6991146859301,2,0,0,20,4,1,18,15,2
2002006,29.554098106479056,20.897455278407662,9.775482586196873,70.91666618214236,2,0,0,35,14,2,9,9,5
2002007,34.385945447279305,21.148563336677565,13.321786798161245,59.09754834137045,2,0,0,20,13,2,9,8,1
2002008,39.4961192344389,31.22653892858811,12.809037410676753,74.84751779792764,2,0,0,29,11,1,13,9,4
2002009,25.95546539138462,19.034758805895883,11.746085609895683,76.18036634940155,2,1,0,48,13,2,29,11,6
2002010,31.534353628876314,23.950455813743854,13.49798223238497,74.70071533191542,2,0,2,28,13,2,11,14,5
2002011,41.133513201402124,32.37065921524844,11.478407271260442,72.82160525395469,2,0,1,41,28,0,17,26,2
2002012,35.09454618956699,24.2419910670033,12.87353613794157,67.87542164425575,2,1,3,32,21,1,12,18,4
2002013,37.05186131458329,28.915304721851093,10.609880585732581,74.44451350320443,2,1,1,29,8,1,10,22,11
2002014,35.97315471824957,29.36562767235523,8.597351324387533,78.47654043335442,2,0,2,37,20,3,35,32,1
2002015,54.17241929978456,44.350288989998845,9.148662180728001,73.84708463195459,2,0,0,40,14,4,35,35,4
2002016,63.62015246432433,50.51184803149022,14.711243159117922,65.4823458779707,2,1,1,5,3,7,35,38,0
2002017,46.89918280864811,35.353836506695544,12.200569570361882,67.05335586493342,2,0,21,98,28,31,133,34,6
2002018,52.26397436962616,35.577656200101366,9.570331517910656,55.99125558433572,2,0,30,131,48,46,219,45,6
2002019,55.30059685178119,46.02306998503245,11.919775788574029,75.66771018277322,2,0,22,143,53,58,197,59,4
2002020,50.37581286796286,40.002101467582676,10.840935041650912,69.82030510317334,2,2,34,122,59,63,227,46,8
2002021,53.13226577344225,39.9493428140487,10.799390805273159,63.884653581712406,2,0,31,120,49,45,230,48,9
2002022,71.64115370386182,55.016882950567755,8.292236343013258,58.25348818772791,2,1,31,160,54,53,239,54,13
2002023,64.88421603281184,55.97608768862768,7.829344606362026,76.28159091898871,2,0,25,119,49,50,211,55,10
2002024,66.82705381560538,58.53954064669691,9.341152102190525,77.68661021540026,2,1,18,142,33,69,223,54,8
2002025,76.862131207192,60.912098527850354,7.403559498490663,60.01359698022939,2,0,24,139,56,64,264,40,4
2002026,78.26922943884202,64.9100557432882,6.819917249820397,65.75175522621043,2,1,28,114,55,58,255,52,0
2002027,80.71483516483515,64.69813186813187,8.121428571428572,59.95362637362638,2,0,24,122,41,63,220,32,2
2002028,74.0932136700578,58.17710867908575,9.280857066404872,61.01333308686664,2,1,39,107,45,68,269,45,3
2002029,81.0351694747355,65.56946361904863,6.592378076650741,61.49573152715728,2,0,33,124,46,64,267,41,5
2002030,77.42819416017163,65.6189444912849,9.870021761949172,68.61559032679182,2,2,25,113,35,82,274,64,7
2002031,80.37524003400014,68.1755018005355,8.568376390007119,68.57304912069063,2,3,30,115,43,47,283,59,7
2002032,74.40807519011601,59.5296297579971,8.63453281412465,62.34405981773328,2,1,35,106,31,83,247,70,5
2002033,74.56017977321845,64.87498411256801,8.93404811731979,74.27336662881842,2,2,48,121,44,58,256,44,3
2002034,72.19026576844708,65.52807119333927,6.853214165220744,81.28785657551136,2,0,36,100,39,81,281,58,2
2002035,74.26721611721611,63.44207875457876,7.151913919413919,71.20335164835164,2,0,34,104,25,82,278,34,2
2002036,74.42553813563212,60.28792890782687,6.5008506133640385,64.4109605198676,2,0,32,114,49,60,248,52,14
2002037,70.26981838010235,56.92245973318995,6.842605076540167,65.72329462288894,2,2,26,135,53,71,260,47,12
2002038,67.46786229158374,57.89105222935422,8.5061528403297,74.25274444568099,2,0,37,115,54,82,294,49,12
2002039,61.811118833147646,50.47354550211693,7.7935348545012415,69.55902776695093,2,1,31,125,50,76,276,54,9
2002040,65.05397068060606,55.14558912241925,11.081771261462663,72.92252004628413,2,1,26,114,54,62,240,54,4
2002041,54.630711771888244,42.50038186214657,7.765579736167971,66.56847542435777,2,1,29,109,45,75,259,48,0
2002042,44.64595651583289,33.04865693837717,8.248345704448282,66.14323607427056,2,1,37,114,48,62,240,40,2
2002043,44.27355643132212,36.47484204365968,8.59752221574057,75.42274826343824,2,1,26,90,44,76,249,48,4
2002044,39.979249423481185,29.599794009385683,11.337758842682828,67.47763972496186,2,1,26,120,54,58,260,50,6
2002045,47.539666321595966,39.38718053446199,11.117097401532368,75.45118197367665,2,0,30,93,40,104,246,51,5
2002046,39.608871622743216,30.718508463137784,9.804627082192498,71.92942905336102,2,1,33,96,24,102,247,43,3
2002047,38.642184537149646,29.52605190939189,9.504384218123002,70.90383665040694,2,1,29,110,47,74,228,50,8
2002048,27.925895456063692,18.468791556318823,10.845377500085013,69.1359588470966,2,0,24,81,34,73,222,55,4
2002049,24.751391657201992,16.120013421991327,8.941490736589632,70.6729743369943,2,0,32,98,30,49,202,35,6
2002050,33.15293133471627,23.87907576604386,7.545199664680687,70.77927538305006,2,0,35,120,55,68,243,45,5
2002051,35.57734689890964,28.414190535942993,15.418848170434403,75.68109306825745,2,0,30,115,41,57,196,45,7
2002052,27.519614627404227,22.080933285288456,9.97103090472531,80.63693654918963,2,1,21,74,28,41,182,28,3
2003001,31.878972600112306,23.768464460376226,10.52730310539134,73.4503614033026,2,1,44,86,25,51,266,52,4
2003002,29.28611991580258,17.556207149976498,13.836080538828217,62.67413606918251,2,0,22,82,41,54,202,60,4
2003003,16.62925798718158,5.242257329181136,10.88920213008144,62.12747951619709,2,0,21,108,32,47,207,43,5
2003004,12.596016418748865,-2.709565513550333,11.696733494209775,51.116699941424805,2,0,16,91,39,43,174,49,3
2003005,27.159341332161283,21.624898866650486,8.804741535153786,80.33136779301886,2,0,23,107,35,47,221,35,9
2003006,21.902625545774807,11.268004300392468,11.489377094860798,64.85197325673406,2,1,15,88,51,52,169,53,6
2003007,21.19648076882194,10.383992234213894,14.967102631497069,63.7633055967823,2,0,24,103,35,55,218,39,1
2003008,30.60009715782348,21.294513767300163,10.452436755793627,70.88028177776944,2,0,12,89,52,52,218,49,8
2003009,22.21652460267261,11.732400900806974,6.9069077313859095,65.7861878967192,2,0,21,116,41,36,233,37,5
2003010,23.482032103661805,16.34468116677627,10.820340576674056,75.10339384156283,2,1,17,75,42,55,204,35,7
2003011,35.75017448946417,25.85765165693024,9.971875860917592,69.14297244458177,2,1,13,140,41,61,227,29,10
2003012,47.46943963794134,39.579230662756686,9.731790392167545,76.81945980470394,2,1,25,136,53,62,206,35,10
2003013,46.984374075384075,31.850819444049193,10.35925770082263,58.979172059083275,2,1,20,110,59,53,212,40,12
2003014,42.10576444419201,32.07913939608614,11.55403128782707,71.12290282523904,2,1,22,111,36,68,245,37,10
2003015,41.30958666139338,27.382323928794513,9.331733268558258,62.86872541401953,2,0,23,99,35,67,222,33,5
2003016,57.068868013405826,41.180881900989945,14.034894788196109,60.143083797621614,2,4,25,94,23,67,246,42,2
2003017,49.31348270465917,28.81867750985398,9.948883795942619,48.44860041918866,2,0,21,112,43,73,223,53,6
2003018,52.13653450806684,38.19358937013864,9.663169306263706,63.57489555997008,2,0,16,100,31,55,245,39,4
2003019,58.13240071903967,50.38162958591243,12.596625800426372,77.36796602749591,2,1,17,129,52,75,220,35,9
2003020,56.435312139083905,44.1838652797958,10.768851462638876,66.83799800464573,2,1,25,129,57,59,229,43,12
2003021,57.021981386081116,42.39619134749318,9.528754587164837,60.79659089360838,2,0,29,115,57,50,217,46,7
2003022,57.849726396947126,45.34167308718172,9.059315262499641,65.86731798116571,2,1,20,113,47,68,233,40,0
2003023,60.61093099666299,47.78436830645614,7.498518104650037,65.71510173790709,2,1,23,123,47,44,243,53,2
2003024,64.09073166158569,55.46505025924092,8.814614158244462,75.28431338605121,2,0,25,128,48,53,254,44,8
2003025,67.04514581752434,47.73095893875945,7.75647677131053,52.90913970939546,2,1,27,107,40,53,235,47,7
2003026,75.39103022370453,58.09072279398786,9.872497370816399,57.69476169319064,2,1,29,113,49,61,223,24,2
2003027,78.02850728076312,61.377649160492034,7.227440596853206,59.456879827969445,2,1,32,107,32,58,231,29,3
2003028,71.35334215178958,60.52670735507855,8.569957914181046,70.93752831969638,2,0,26,109,33,64,265,48,2
2003029,73.16275648641134,59.6518225970403,8.299857465133169,65.13043984856714,2,2,32,102,48,58,281,59,2
2003030,71.52888979328957,58.050512203451426,10.18954351307752,64.6048706608858,2,0,27,100,39,53,293,42,3
2003031,71.49145260893381,59.86421946196383,5.984047802656825,69.32675591604163,2,3,24,112,37,43,308,49,2
2003032,71.2558049990026,62.69258739663053,6.641070933683934,75.77109433443665,2,0,37,106,38,61,284,39,2
2003033,75.4016808059899,66.76512977789278,8.145373270444352,76.23472045459788,2,0,37,103,32,62,284,44,2
2003034,76.23274505738435,61.09199586946534,8.232824334378163,61.69432315741972,2,2,27,116,38,70,262,45,3
2003035,75.61236625010211,61.757419205532415,8.612264849057302,64.3768784325388,2,1,23,112,36,67,267,41,2
2003036,66.7422555375114,56.0976777016265,7.451058512468804,71.08595184856658,2,0,19,95,42,67,256,41,1
2003037,72.45626453329588,61.36848077870597,7.970316772393766,69.9949519693129,2,0,32,116,56,65,264,40,10
2003038,65.03834997246761,48.63182048887931,8.252391007685125,58.62856544327133,2,0,42,132,56,69,279,48,2
2003039,56.619952676346124,45.276294082359655,9.8536816249931,68.19724383085038,2,0,25,119,51,94,240,57,8
2003040,47.36869683342032,32.92707700887271,7.55553890481672,60.64969606840784,2,0,22,118,49,60,276,35,5
2003041,61.98444432925565,49.48635600248807,6.142799235804627,67.02496801042624,2,1,28,162,49,58,258,28,9
2003042,53.15700280112045,39.213229907347554,7.746821805645334,62.23625296272355,2,1,28,106,35,69,265,39,8
2003043,52.119764048176926,41.301529707190085,7.878859897450352,69.07282924458286,2,1,27,133,50,70,268,48,5
2003044,49.4024205210269,42.08211175887232,9.524745142017196,77.12988259441188,2,1,21,127,58,55,215,47,10
2003045,40.842134137769854,30.575821301710764,8.409139027134914,69.5218439478721,2,0,31,99,41,52,228,42,1
2003046,43.17723077863203,34.3464642355616,10.057264654113393,73.85684712308569,2,2,30,105,33,67,200,50,2
2003047,50.67704151966825,43.92342798011001,11.62416172010025,79.04108993924662,2,0,23,109,32,69,218,46,3
2003048,35.3413050083557,24.849495094425972,12.581984055371151,67.07344700017511,2,0,17,83,24,56,223,41,6
2003049,34.86820163515078,23.60880839185924,10.120173266783436,65.97005169971273,2,0,23,104,41,54,204,42,8
2003050,31.522694321610636,25.340847640653738,9.01724151285288,78.65927432085758,2,1,33,123,40,44,225,46,4
2003051,28.57324540979054,20.147253419703105,12.943142217192063,71.98383096064147,2,0,28,103,29,53,215,56,8
2003052,34.37152748873844,24.63527220823222,10.204805888113626,69.29170440155806,2,0,37,56,25,42,198,39,2
2004001,39.49634401742448,33.48913612228065,11.327543470218277,79.8647647309001,2,1,23,49,19,28,105,23,3
2004002,20.76324982495533,12.49111335737395,11.399563379965922,70.30625260842422,2,0,31,94,38,51,189,35,4
2004003,26.446821877253345,17.702931615646655,11.52258033441639,70.09597356953073,2,0,27,118,45,50,212,41,8
2004004,16.161682692307693,5.396721344132059,11.672037775146546,63.477889342800054,2,0,28,110,29,71,196,31,8
2004005,10.593987499324259,2.130698632304051,10.66842884310915,68.85686195641671,2,1,17,91,44,52,161,48,2
2004006,24.57989041545562,18.08905139794664,9.770862668966958,76.96946086741082,2,0,23,121,50,33,143,35,9
2004007,23.728457529740176,15.45084040155608,11.916457297319832,71.06991457644399,2,1,24,105,48,43,179,29,3
2004008,32.11467161706104,24.152888069904,8.41676670224072,73.63023224112382,2,1,18,105,39,51,161,49,7
2004009,38.47700033859697,28.10630713823991,9.270872348939578,68.21164219533968,2,0,19,131,55,38,193,35,7
2004010,44.07370793410764,36.48304118779789,13.408247804991785,75.5573114224376,2,0,19,113,51,39,199,41,6
2004011,33.61506449525318,20.303484565748715,12.457516382988084,59.90554382724195,2,0,15,105,55,41,149,37,9
2004012,35.884662968281354,26.30209964792123,11.212148335731422,70.71803492491799,2,0,9,136,51,53,199,46,6
2004013,51.084536386451305,40.610791081445406,10.931055289396868,70.67779383385128,2,2,9,113,59,58,205,43,4
2004014,43.18907469207779,29.505715491938407,11.806827735879041,61.066483502491906,2,0,12,111,43,46,200,41,6
2004015,46.17517776341305,30.820560702913642,8.88164667576432,57.32427158897747,2,1,17,102,45,41,199,45,7
2004016,56.33461583767707,36.31102178245035,12.167769890729074,51.31664916715937,2,1,16,88,26,46,178,44,3
2004017,53.62281148134026,43.52591253806606,11.85595456427013,70.81308316772069,2,0,20,121,34,70,186,39,4
2004018,52.708688992711544,37.01895594224072,12.905611806739627,59.36967077408808,2,1,24,97,47,54,220,38,6
2004019,58.33494812568245,43.8930766924484,10.243520210273152,60.39446796836795,2,1,22,124,42,50,205,40,14
2004020,63.278521634179654,55.36890031723002,8.755594496859786,77.62709013482245,2,0,27,116,44,48,193,47,5
2004021,65.99451940532364,59.014559596530866,10.335068303696634,79.5373129829003,2,0,34,144,47,47,224,38,10
2004022,59.11629072351768,49.701761234370586,10.106338446588408,72.32935431516835,2,0,28,124,44,51,232,40,7
2004023,63.71302252923037,49.23413120678121,8.864434868187896,61.64590675833835,2,1,17,118,56,46,231,30,1
2004024,73.96500222841995,64.90359817351654,9.64894340227002,75.31443801256998,2,0,26,128,45,63,227,46,7
2004025,69.34650486125896,55.98999727395511,7.887216004136379,64.4587453378437,2,0,15,109,44,62,248,53,3
2004026,65.41352064571281,49.917178410972326,7.53686368173919,60.12241530399426,2,2,17,94,45,59,202,59,7
2004027,72.56960180051041,58.39019326261973,8.12205934821481,63.94111235403252,2,2,21,100,42,49,256,49,9
2004028,69.35408510942462,60.421040256237106,8.815604957876264,74.46192049553288,2,0,36,108,34,60,261,48,3
2004029,73.95413622493916,61.386939096141205,8.500586548266384,66.71749968787059,2,0,33,112,44,92,306,58,4
2004030,73.07110402950106,60.044394264882996,9.261129884536762,65.22116573902288,2,1,34,92,21,65,295,44,4
2004031,71.56667612268468,57.9041192322499,6.5406867762779095,64.40435355630456,2,0,29,109,36,54,314,48,1
2004032,71.35117545551945,57.304519321576784,8.383140809272552,63.428857724256204,2,0,24,84,29,59,317,48,4
2004033,63.18471034841919,51.21542349492181,8.696703946386341,66.55763482261409,2,1,19,85,33,64,285,53,1
2004034,67.7703634085213,54.982814178302895,7.248030791263874,65.78365556749016,2,0,26,84,32,57,288,67,5
2004035,70.98330752762728,64.44379300768902,9.682907708167061,80.79036142684764,2,1,30,76,27,59,283,62,3
2004036,72.59704202616317,61.195522376143735,5.451398697061202,69.47607283953575,2,0,34,88,26,60,267,52,3
2004037,68.35716899101534,55.69919578000692,8.742923403054416,66.40328832756045,2,1,16,104,40,59,209,45,3
2004038,70.00700976131097,56.00689316432274,9.720730192533631,63.355486236065246,2,0,37,129,42,66,237,41,9
2004039,67.32202677526128,49.92283783153055,6.924838326792504,57.06406563387696,2,0,30,135,34,64,237,44,5
2004040,57.12425039016255,42.11452698920944,8.877478747665903,61.14249086995484,2,0,27,103,42,64,237,43,5
2004041,57.16435786435786,39.92425788497217,7.884746057513914,56.34145021645021,2,0,19,105,41,59,215,37,9
2004042,50.057015306122445,39.85927450525666,10.436481524427952,69.52504251700681,2,0,19,95,28,61,221,54,8
2004043,54.11182535031849,46.20887997563798,10.695186542566065,76.00131289406264,2,0,20,132,50,57,214,47,6
2004044,57.91105189289793,49.95532919326088,9.9620413091923,76.56417005511881,2,1,26,138,43,70,229,61,7
2004045,48.58313663495246,36.789109418698196,11.553054809561825,66.85079909797729,2,0,27,112,34,68,192,59,2
2004046,43.09517111744879,27.47974863266541,9.528303208760818,55.7358849710483,2,0,21,102,36,82,201,45,8
2004047,50.58794019193455,44.625508482706785,7.130918921245262,81.07576908951754,2,1,28,83,32,79,200,45,5
2004048,39.02929592389988,32.02518925354324,10.40982411213802,76.9619898866003,2,0,35,88,23,53,171,54,3
2004049,35.17189837811958,29.19886737686277,8.342210784607099,79.50561822969657,2,0,12,81,39,66,182,74,9
2004050,41.7436071362277,36.440870079467956,11.046913389852381,82.16415903061515,2,0,26,127,46,75,164,60,10
2004051,25.607168276238486,13.401827006462408,13.373004734640679,60.58044120874157,2,0,20,89,36,84,183,53,9
2004052,15.610736244937907,3.864720300730987,11.714360907816078,60.25860311224354,2,0,14,53,24,70,131,61,4
2004053,36.18290398126464,28.354061102831594,9.970861765353291,74.6961943793911,2,0,9,55,13,46,108,28,2
2005001,28.730649609830245,24.73762774320975,10.997652908666542,85.51780755825189,2,0,14,79,28,56,138,50,6
2005002,25.19131054131054,16.47430155823013,10.143206000348856,71.16806209663352,2,1,13,108,45,59,176,48,5
2005003,18.460481323899977,10.437670398448244,12.140227219978367,71.75125586958406,2,1,22,90,27,53,106,43,2
2005004,26.3681242089549,17.401836050033005,8.951034046354442,69.71134835905498,2,0,14,109,38,50,151,54,6
2005005,34.60713988075996,27.235767466424754,6.038122998093319,75.697263793853,2,3,14,112,41,51,151,48,14
2005006,33.107424088516524,26.66044268056873,10.229635420601808,78.30879232812006,2,0,12,117,35,45,153,53,3
2005007,31.123602704923147,22.045842426309452,10.420967016759695,70.8488242822768,2,0,8,117,48,41,159,47,5
2005008,32.104716067921025,23.978022663841557,7.701370060703183,72.80359056945689,2,1,10,92,32,52,158,49,7
2005009,32.0522376936167,21.52181144538756,10.198385440603511,67.05712276707239,2,1,12,112,40,42,159,46,8
2005010,28.638156722424593,15.434523395766547,11.760992978815077,59.85046247028533,2,0,16,95,37,44,145,41,1
2005011,35.21266265139041,25.120818066714513,9.03916245269985,68.55516845729622,2,0,30,113,40,44,155,44,10
2005012,36.12593557184687,28.233522352643583,9.547434900532934,74.91225299161772,2,0,14,62,23,56,147,44,1
2005013,49.72658696370981,33.407046107784964,10.786944123793896,57.28335109115244,2,0,13,112,46,55,177,67,4
2005014,57.38068574887582,38.9582540643376,10.15750929609132,52.8137376772743,2,0,14,138,57,61,217,43,10
2005015,54.42845448875646,31.34222075927146,10.186018040492938,45.18469994109698,2,0,18,134,37,48,184,51,8
2005016,52.479646001010245,37.0866994039463,12.996056670457449,59.40138085880494,2,0,17,101,45,48,185,35,3
2005017,47.812161077871345,28.81451802281935,11.135453782238846,50.40613637262488,2,0,24,111,58,44,195,36,7
2005018,53.42380952380952,33.356802721088435,8.981462585034013,49.640816326530604,2,0,25,124,51,54,157,53,10
2005019,57.912084045041674,45.52292365684355,12.361231280047564,65.84815302396272,2,1,27,120,40,67,187,41,3
2005020,61.059985945893864,44.51316291122878,9.3168927721441,58.14070771679993,2,1,15,128,54,68,208,52,6
2005021,60.30602099876346,44.56317967675812,8.814199010684929,58.76402177086515,2,0,21,113,41,62,194,35,12
2005022,67.8539582138814,54.697478337809805,8.628984032582597,65.44418076565944,2,0,23,94,47,45,194,37,7
2005023,78.9939949305646,63.49857741095882,8.80590413436839,60.94398316425765,2,0,17,149,40,51,212,42,8
2005024,67.93406254627482,54.06359806273257,9.908381797378746,63.58033709563214,2,0,25,124,34,85,193,39,5
2005025,78.74757089768757,58.429369297628305,8.297291875007716,52.571295850463606,2,2,30,105,24,49,213,33,1
2005026,77.37670400105726,59.45659088656412,8.71887675875187,56.238789535042876,2,0,25,94,20,70,219,42,3
2005027,74.62615617251721,57.65243022187245,7.6098017071122115,59.58955980736133,2,2,19,80,26,64,186,39,2
2005028,79.22226654528156,64.75412512433078,9.399614508704145,63.71654414954589,2,0,23,78,33,64,224,47,2
2005029,80.60840072839308,65.59802867594713,9.21777420651002,62.897609892108164,2,0,17,74,25,76,192,45,3
2005030,74.4208498324703,60.362478994311424,8.095097932886405,63.47649617513219,2,0,26,84,33,79,214,32,2
2005031,79.7261782703512,62.12971389512744,7.685990137681865,57.09900237607004,2,2,28,81,23,63,205,36,3
2005032,76.41636770454504,63.489623266716855,7.067913982569154,66.43481768641867,2,0,24,85,33,60,220,53,2
2005033,75.07153939418438,63.20275670174557,7.271905708983884,68.71644741195412,2,1,17,80,30,59,210,37,3
2005034,71.80507202881152,57.159813925570226,7.967286914765906,61.46998799519809,2,0,26,90,32,59,214,56,6
2005035,71.9436393647557,54.99818629503541,7.369335869941197,58.89809193079552,2,0,27,86,33,56,192,41,5
2005036,76.50429052201102,60.20615719111748,7.31261078748349,59.89196061510769,2,0,22,86,35,46,186,55,6
2005037,70.38920523902958,56.133596973163314,8.843042766843542,64.11569286741903,2,0,23,105,38,55,198,50,7
2005038,70.34946050904955,59.449022824316366,9.135623905340148,70.83828630599668,2,0,28,106,52,56,202,41,5
2005039,62.116922875402416,49.18220230057735,8.343919669262698,65.54178363930372,2,1,18,132,38,37,198,42,5
2005040,62.73266496880787,50.56261550594987,11.237611589359192,65.51177400803137,2,1,22,103,51,50,179,48,3
2005041,58.275901414387555,46.75488882120012,7.264278022380368,68.80429608297412,2,0,19,101,37,44,171,57,2
2005042,52.51001130731491,40.26846460082135,9.122251428940565,65.29995964434649,2,1,19,93,31,41,194,60,5
2005043,46.663736920690475,35.94558840919249,8.873937596757608,68.49275832121718,2,0,27,111,30,47,201,48,5
2005044,54.71844063739076,42.2609038174597,9.929354188167904,66.57837803073781,2,0,31,119,31,32,185,48,7
2005045,50.72606811394868,37.08905802758262,12.356627077060335,61.45724291538109,2,0,20,99,38,43,175,49,3
2005046,35.85546277635517,26.319058173726603,11.757937787066963,69.70369018909017,2,0,26,101,44,49,191,45,2
2005047,34.30416239462292,21.103490136980383,12.012514706633354,60.834117130600795,2,0,18,81,22,50,152,53,1
2005048,29.15576559774314,21.469557490113903,11.158164092636142,73.45375309659885,2,0,22,96,43,42,167,50,6
2005049,17.141151567090105,9.912178573955215,9.242658970627692,73.63936958837292,2,0,20,93,33,42,154,33,2
2005050,22.501570255917017,15.697156409639021,10.483211763594499,75.615822703093,2,0,21,93,31,43,154,54,1
2005051,24.690664387465095,19.41315561242229,9.548367537150728,80.46622363693221,2,0,19,91,33,41,154,49,1
2005052,35.68790577150842,31.269435758102414,9.568332171045045,84.74049379351862,2,0,16,65,18,26,137,40,3
2005053,39.11113886113886,34.57509157509158,10.617715617715618,84.51781551781552,2,0,2,33,6,13,61,13,1
2006001,36.863812055949786,31.836812641774205,9.656075898645552,82.68990660567519,2,0,15,65,23,45,169,46,2
2006002,36.640653994325596,30.19212363096802,9.53958475517751,78.59182020754947,2,0,24,89,42,55,198,47,0
2006003,33.71590593694203,28.29867844320288,9.042090133518494,81.57635304424682,2,0,32,73,38,42,191,59,5
2006004,36.725022679654366,29.186728826453013,11.906668479599334,75.6909577794053,2,0,30,95,47,52,179,57,7
2006005,33.69722439541977,27.839366885951193,9.408116230920806,79.63199797253715,2,0,24,100,47,38,152,45,7
2006006,27.552187792418554,17.662161678796075,8.080492031678675,68.460783677724,2,1,22,106,44,51,173,39,4
2006007,24.137463509784318,14.056385878671486,11.641138571883362,67.20520989295791,2,0,12,92,32,47,110,25,2
2006008,30.132732318343923,15.080293515272798,9.288619760461616,56.109951531312944,2,1,7,94,42,53,152,30,2
2006009,31.75874615563856,21.060337823323454,7.826721158285662,66.52517645108313,2,0,11,113,36,47,166,39,4
2006010,44.18443043194101,39.069725551611405,8.894995164322008,83.70068785628415,2,0,12,100,50,38,170,47,4
2006011,35.56308073069182,23.895188687026952,11.355340840677764,64.88795474354258,2,0,22,113,38,38,195,38,5
2006012,34.91482266215814,24.40856361874058,8.965845738952842,67.27520670028541,2,0,14,108,38,37,154,48,2
2006013,47.283026936600486,39.05300101519839,10.921490257457057,75.09379561943055,2,1,18,108,37,44,187,36,10
2006014,44.395268502570346,31.0982673993771,9.845299957045565,63.53784247800949,2,0,18,122,34,36,202,47,3
2006015,61.70276694956515,45.032940754025276,11.384034099495095,57.48750796086055,2,1,18,114,25,51,186,44,2
2006016,57.13496211096168,40.78347014273286,8.014163344890786,57.82995368280224,2,0,17,104,31,37,179,37,5
2006017,52.21584916079886,37.357236199208614,10.0260772681391,61.178893351461355,2,0,20,109,31,37,197,54,4
2006018,56.91886746419049,44.990087000847794,6.744242249150311,67.35770936137274,2,0,20,111,40,50,211,38,3
2006019,53.63930327599498,45.93369935083651,8.361678639976583,78.04505094105579,2,0,19,121,45,42,181,40,7
2006020,53.813305905538904,43.35607945151412,7.298887489718803,70.8964964394687,2,0,18,123,49,62,182,37,6
2006021,66.68233816170441,53.83082770948998,7.684377765277099,67.06275421475848,2,0,17,139,32,43,194,31,3
2006022,68.99997166026014,56.57579954212643,6.289230642796999,67.45575624072241,2,1,20,115,42,56,169,55,2
2006023,64.69627167720678,51.009002226711765,8.017110952401882,64.29905952105113,2,1,24,116,34,35,187,49,1
2006024,71.00648772360843,56.704824979210926,7.963353784820927,62.86166388034387,2,2,24,96,38,48,221,43,4
2006025,70.98171166926016,58.024127767717026,7.032184179604117,66.8634620881427,2,0,24,110,27,48,197,40,2
2006026,71.13359992519584,58.12045712502526,6.8341832496706,66.40198772604676,2,0,24,91,22,37,187,61,4
2006027,72.12233167456587,57.903544612693324,6.317409084936742,63.882774437384114,2,3,28,95,33,52,193,46,2
2006028,75.85063966075606,67.736117058888,6.026993963177687,78.08898995148031,2,0,25,93,36,53,248,39,3
2006029,75.17235668017,65.51214053449492,7.648177608821046,73.60239364003819,2,0,31,93,34,54,232,55,2
2006030,79.88862772945431,69.39702270585713,6.991311687535896,72.00303929150411,2,0,13,82,28,52,210,44,4
2006031,80.23134654087997,68.29420841309361,6.992267105749205,69.44598003417022,2,1,25,101,41,48,211,41,3
2006032,73.25565398151886,61.957764380478764,6.211443051773924,69.73533746869526,2,0,20,81,20,53,188,44,6
2006033,72.90992459677952,61.10746048968019,5.335097223516087,69.15805834729333,2,1,26,64,33,61,215,49,3
2006034,73.21513226662137,64.23007461698012,5.757829626101019,75.34997722268494,2,2,17,81,35,49,187,55,4
2006035,67.72454502496574,59.93870265035752,7.869756919309763,77.15447983548464,2,0,13,77,29,61,212,48,2
2006036,67.10849316245242,58.464927169201296,5.19760140011622,76.3127873044364,2,0,23,96,42,54,195,49,5
2006037,66.14060512644264,60.26311746373016,7.223759035850244,82.69022793783975,2,0,26,100,42,49,196,45,5
2006038,58.335071826889056,48.96590575895067,8.197890959995616,73.38551788612168,2,0,17,96,31,58,192,44,8
2006039,57.00519558182042,45.43852392360974,6.220479421751867,68.306007271544,2,0,23,106,43,78,190,30,6
2006040,59.87469511453032,49.182032913519926,8.350880506988515,69.92583224555109,2,0,26,106,37,51,175,41,2
2006041,46.35504796969242,34.39371372366169,10.664496583973996,65.44642732481164,2,0,27,92,25,61,181,40,1
2006042,48.59243945123207,41.42862994557236,8.41300577416824,77.49256182303766,2,0,14,100,37,47,224,38,9
2006043,41.95129419269869,30.758556351986275,8.29250863549292,67.91955617219367,2,0,26,108,37,49,183,53,4
2006044,40.94270774976657,25.900722570671974,9.41127806531001,56.466661087842645,2,0,22,79,41,49,157,30,8
2006045,47.47158063767066,39.95493230163921,8.23835557699161,76.85654637665932,2,0,30,83,37,51,189,38,4
2006046,40.509737387748835,33.7523800362675,9.035930708351653,77.70873817465721,2,1,25,102,30,38,155,55,2
2006047,44.073373598500424,32.57864453766483,6.130123616509557,66.54955391258498,2,1,25,94,23,52,172,37,2
2006048,38.88323858897235,32.712359040770174,12.101058283931133,79.00791216036977,2,0,35,99,28,52,166,37,3
2006049,24.23416077927356,12.941508958426253,13.11466295663765,62.953523759820754,2,0,12,88,32,35,153,33,2
2006050,43.765496251903706,36.58311870418719,10.001978264398604,77.32551922198388,2,0,23,109,52,36,207,36,5
2006051,38.48030855246911,32.25736868747347,7.417714653328801,79.72818227287098,2,0,23,94,46,55,196,34,5
2006052,40.40616731481845,34.396170466480164,7.5527406589122315,79.58343335464897,2,1,12,89,26,26,191,42,0
2007001,38.458531053852916,33.24875409398382,9.504068708862325,82.38305364224323,2,0,17,91,22,48,208,39,1
2007002,34.40371919941826,25.82721739443656,12.365373069157902,72.28910910205529,2,0,24,98,37,49,197,45,4
2007003,24.376964181059403,17.993404930109428,8.879526534375412,77.01718503114328,2,0,15,91,34,54,158,27,4
2007004,25.218793452863274,17.576399912509725,10.808685809972202,73.04441865733929,2,0,15,90,28,34,167,33,10
2007005,11.742971879840296,2.7415669760101204,12.956521557597492,67.31364629678639,2,0,7,97,32,29,152,28,2
2007006,6.800146060858173,-4.436643876789037,8.520866538390118,60.28629439468351,2,0,12,88,33,22,145,35,2
2007007,17.003601921130258,9.58163751013835,10.963145723566214,73.59609675287729,2,0,5,69,36,34,122,31,5
2007008,32.68695703648702,25.276509071141337,11.233607855197233,75.40040895619019,2,0,19,84,37,40,155,41,6
2007009,30.342702881277344,24.02479512901388,13.324162024889185,77.74147297699544,2,0,10,118,50,33,180,41,0
2007010,32.77164944619181,22.906749741916432,7.097654913302412,69.48396839091721,2,4,15,95,50,42,138,34,2
2007011,41.78939428907609,30.846481465633907,10.33775005413291,67.31565382271769,2,0,16,124,61,38,203,32,4
2007012,53.27752947554329,43.72351026089925,10.085497175830833,72.87860980015482,2,0,11,111,37,44,144,39,9
2007013,54.79136257115289,44.18881009182811,11.187482731890212,69.3787336555083,2,0,14,125,57,37,178,41,3
2007014,37.82150883389856,22.602291786258203,12.105411329141074,55.43359300565294,2,0,19,81,26,51,160,27,0
2007015,39.902668583276245,26.65097274120203,8.51132476508222,63.41936058772783,2,0,15,93,25,43,170,38,3
2007016,53.35038005748861,35.79724370158631,8.85281896382753,55.79058212273179,2,2,14,111,43,43,184,43,1
2007017,55.739531865215994,45.44205152151512,10.207109724561167,72.72582263492754,2,0,14,99,39,39,143,51,4
2007018,58.82952731013116,41.67694007646685,10.466958907378203,56.081628113575256,2,0,19,125,44,47,203,32,3
2007019,63.850700320697456,46.73052713691747,6.914232631792139,57.64676582164467,2,1,14,95,52,56,201,36,5
2007020,59.48448784618555,41.97604805697805,9.896344267003915,58.45736278991154,2,0,20,120,63,58,211,41,0
2007021,67.93809220144449,49.872911913811706,9.198217138285345,57.2710370470178,2,0,12,103,48,62,201,48,3
2007022,72.23834629089731,58.8344077313465,7.183760787587318,65.48451976028507,2,0,17,122,46,47,220,43,7
2007023,67.75567271195376,52.84609610173738,10.338013537822183,61.893024723313125,2,0,17,125,44,54,192,37,2
2007024,76.5650480882008,56.17749530846821,6.215177662073122,51.913564391273745,2,1,17,111,29,50,187,38,1
2007025,71.14086688680968,56.67288679667405,8.905385168421436,63.481811595240124,2,0,19,93,41,55,184,34,2
2007026,70.53134090965347,59.30060307780161,6.813101769971164,69.78151513154843,2,1,30,78,34,47,202,51,4
2007027,76.29331175034925,60.1114564433169,7.006602481443151,59.722638850977056,2,0,21,97,35,63,188,43,1
2007028,72.35072502671527,56.444580381192914,8.231555656583312,59.73501126699629,2,1,21,94,28,54,236,36,2
2007029,71.62200924470405,60.36181874057185,7.093981664307556,69.70992784787438,2,1,23,85,20,56,234,44,6
2007030,74.03592018349543,62.19009477535706,5.652030733185996,69.08463577485317,2,0,17,94,31,58,247,50,6
2007031,77.74327531637017,62.47667133724751,4.512587961912275,63.0571718758036,2,0,17,91,32,51,221,34,1
2007032,78.43997488783425,70.3038887411726,5.012125091692155,77.6727828833717,2,0,16,105,32,44,208,38,0
2007033,70.70894167952545,61.82904376826457,5.7016256704645,75.8463028202473,2,1,15,88,32,63,204,40,2
2007034,73.59763395663342,66.97500324334838,6.257465087703045,81.60592624941111,2,0,14,81,17,61,189,37,2
2007035,71.90517792332852,59.51324114615871,5.761535439306227,67.31805643678942,2,0,19,93,31,50,232,40,4
2007036,75.1412458148404,63.204422022994514,7.489807548037969,68.82241396603203,2,0,24,102,38,65,223,34,2
2007037,59.548335831732516,44.347929556078874,7.647641702270966,60.827538918506,2,0,20,85,42,45,227,42,4
2007038,71.30508489065419,54.71385675637756,7.808832572199658,58.78626305085375,2,0,23,100,42,56,230,36,5
2007039,67.75338119897977,53.49897035770015,7.9174650243859075,63.81643907897488,2,0,17,107,28,51,231,45,5
2007040,70.54897949137442,60.670472829453594,6.224007102748014,73.33519099584815,2,0,20,81,49,52,249,41,2
2007041,56.987451378245616,44.24342210678726,8.121416587231039,64.33093491288481,2,1,15,76,45,52,234,44,5
2007042,63.48009538036381,51.18126267546493,12.209813450603432,67.40668006546498,2,0,20,82,27,47,229,48,3
2007043,50.78748440298687,40.88491241415645,8.181298620374898,70.79329504160845,2,0,26,90,34,42,250,56,2
2007044,47.90754349435598,31.778311844638672,7.785476547213599,56.15376484030021,2,0,23,102,37,53,243,46,2
2007045,42.771218205331714,28.508346260313882,9.57374326146155,58.529139068203456,2,0,20,76,34,42,227,41,1
2007046,43.82959358579941,33.132297870752815,8.659077798902757,68.05081427428033,2,0,21,90,32,41,193,42,3
2007047,37.66819346782419,32.11311504310401,10.248402588564248,80.95414174860083,2,0,24,80,34,44,176,29,1
2007048,32.57001879513158,20.882587635557563,11.015923282352103,64.7934453783702,2,0,33,88,29,45,176,34,5
2007049,25.54612489148176,20.050432494158567,7.6935916483114095,80.05284259684024,2,0,16,74,37,39,150,41,5
2007050,28.735878625073457,23.983109034386946,7.626189934042112,82.60070682372543,2,0,20,103,34,60,194,59,6
2007051,30.09466829371691,25.54534106988962,10.90089456744258,83.64525241142742,2,0,21,94,34,64,186,62,1
2007052,30.30032990304206,24.63949996597211,8.499984252639745,80.29293856187499,2,0,13,60,14,45,149,39,2
2008001,27.69799491325783,20.40478860737615,11.943513583528588,74.80012929786307,2,3,28,67,19,71,281,39,1
2008002,40.45012042265804,35.85682649887148,10.212952659422285,84.09097030537465,2,1,13,95,27,52,220,49,6
2008003,17.75270585143138,9.41295199605705,11.728750195137687,70.39985607970824,2,0,11,82,38,33,203,48,7
2008004,16.069093893655992,8.366792864426387,8.418812172257526,72.3611920053801,2,0,13,73,27,38,144,50,5
2008005,26.217880299319827,20.246071785673394,12.598976352107792,78.76019675478065,2,0,18,81,37,47,164,39,1
2008006,27.95338653729152,23.426697414239207,11.811619568821502,83.60610571362108,2,0,17,87,27,52,170,32,4
2008007,21.87641043142593,13.993255345239046,8.81780076634141,72.54552460752483,2,0,8,83,24,39,171,32,2
2008008,19.876574514460348,11.283805060140251,8.787785088989473,69.97530434733598,2,0,9,91,33,59,169,36,1
2008009,29.4603768696457,21.721228446021364,9.71410423511532,74.06522140719771,2,0,14,107,41,47,171,48,4
2008010,27.935480848033595,18.969657058958244,9.793677454197061,69.756510910757,2,0,14,82,33,48,200,27,5
2008011,37.093971746550956,27.215410291299445,8.289163728484032,69.43627325228995,2,0,13,124,40,36,171,42,3
2008012,35.34305147348318,27.43874943762781,8.728799999972958,74.81336928945733,2,0,7,57,22,30,157,51,0
2008013,38.29583087192605,27.646069631938804,10.061479550123208,68.06962746438737,2,0,14,96,33,34,191,41,5
2008014,45.44220571519954,34.12027727832146,8.926717536046649,68.30587944490219,2,0,11,87,48,46,216,48,7
2008015,43.58929674784754,37.27071108474662,12.279808240865126,79.80601613841759,2,0,10,79,40,43,171,26,5
2008016,54.09778566236928,39.793427725771444,9.760795396265532,61.782603324540716,2,0,19,109,44,55,191,33,6
2008017,59.40760981188312,43.57128166886606,10.89654929404844,58.91846521226609,2,0,16,101,36,54,203,39,5
2008018,51.05546002634248,39.29745266556925,9.291813926203238,66.47529034040475,2,0,15,99,49,53,197,31,5
2008019,55.940324533052376,42.364897047157875,8.894085930901579,63.79000099930651,2,0,23,124,44,54,208,40,3
2008020,55.27694993329829,42.16358752595918,9.284630083317541,65.18840491371053,2,0,22,122,30,45,211,54,5
2008021,54.96389523189214,40.18104455110121,7.760575255466184,60.16952932558004,2,0,18,125,42,52,213,44,6
2008022,61.44653528934123,48.46039065497471,8.970322091240323,65.04921628689384,2,0,29,128,30,48,204,33,7
2008023,72.89895771926167,64.39629976758941,10.441358701244697,77.05763402400926,2,0,21,106,47,52,202,48,2
2008024,73.14253910314135,59.64181355981566,9.646123981501228,65.89815635620293,2,2,15,108,35,54,235,43,1
2008025,67.66942204947293,50.57900128253449,6.24130802104474,57.523654232722556,2,0,15,92,27,44,216,35,1
2008026,71.43288946538601,59.962032012451125,7.011193464195648,70.11553990955508,2,0,22,92,30,48,219,35,2
2008027,70.11460627260571,53.87289240591462,7.003247270934401,59.38385551876708,2,1,19,98,28,46,225,45,2
2008028,74.687299929803,62.77245513162394,8.477978590926213,68.68499399166595,2,0,19,84,29,53,221,68,3
2008029,76.9207969785026,65.02228397720206,5.59862177794441,69.37758999458423,2,0,21,88,32,54,223,49,0
2008030,72.61209578933374,59.48173945326251,5.41649948989502,66.3187609338877,2,0,20,80,31,51,225,60,2
2008031,76.42902677037603,65.36064580506157,5.105034973708966,70.536360946233,2,0,16,91,23,54,238,64,1
2008032,72.1616771178353,59.979106199005365,7.411676853841905,67.45502722377117,2,0,19,97,35,52,207,56,0
2008033,69.99468967715794,57.49073668089483,4.71221158433567,66.78347255283273,2,1,17,80,22,59,217,57,6
2008034,74.29417148688675,62.77102951907773,6.85934287779154,68.69111420052089,2,1,14,96,31,54,251,61,6
2008035,71.59867462425923,57.94534867374692,5.01572972865818,65.09838571588372,2,0,20,85,25,71,207,39,2
2008036,68.97005976186176,57.90969456649659,5.987581088487483,71.3345510871254,2,0,11,85,31,65,243,49,1
2008037,64.83109008696628,58.11379585702971,6.799114902703392,80.98787285888133,2,0,32,84,29,70,211,50,1
2008038,65.30784691686031,55.347295875364125,4.238716109804928,72.3493005217452,2,0,23,85,43,62,253,45,5
2008039,68.207509710774,57.32110176920524,3.843979759136307,71.08630327475487,2,0,31,92,28,59,237,44,4
2008040,53.75720001316222,43.87441063807514,6.497998239457855,70.97160365851803,2,1,26,85,38,61,249,36,2
2008041,61.39880148977488,48.423201320901235,6.207293189147391,66.36316703234768,2,0,30,101,39,61,239,43,9
2008042,55.80958081435885,44.633379406194635,6.523859604105531,68.10210218432078,2,1,32,70,34,43,238,40,2
2008043,48.32458559218548,37.55462345238403,10.169977347837388,68.63744464863234,2,1,18,82,35,45,256,29,2
2008044,47.60217332547053,35.24011007911937,8.484249921648686,64.39614354513735,2,1,28,100,30,41,241,29,4
2008045,50.731975804401294,40.17698133715722,11.42978119407839,68.95732278409098,2,0,28,83,32,44,188,36,4
2008046,40.283808134715514,33.15730927840014,9.552874602005096,76.6590369406179,2,0,23,78,21,43,222,35,3
2008047,29.61434005333636,15.672978840659072,9.863500508280154,57.07170564640808,2,1,15,77,36,42,228,40,4
2008048,33.59177861444469,24.61191222929569,6.890785573329871,71.56797679808642,2,0,25,75,22,59,176,42,3
2008049,23.251529261155646,15.879068920592752,12.058545172647124,73.74396887411956,2,0,25,85,32,49,199,30,2
2008050,29.78729153699641,22.96952450149413,11.513616961999128,76.17810817271787,2,0,19,76,30,49,223,32,1
2008051,16.627978671838722,11.34388487450801,10.10593214062546,79.761694474812,2,0,26,79,22,38,191,35,1
2008052,26.861710647026147,22.157210568950486,12.495253969555522,82.5687071836257,2,0,14,51,16,39,160,33,1
2009001,28.01457774006239,18.683728868733343,10.5018392080555,68.81291249713742,2,0,8,50,16,23,143,15,2
2009002,22.199781410370665,16.787183487419348,7.7951660177580395,79.75725058567639,2,0,17,75,27,45,220,29,2
2009003,8.760059746158499,1.2114663455500565,10.086859395190212,71.57457067380712,2,0,19,69,22,30,202,30,5
2009004,17.171497568122664,8.552588262007355,8.326596062104196,69.67802370202436,2,0,17,75,29,32,174,30,5
2009005,19.02659977330801,9.578965376355603,8.559352250697959,67.41954247416889,2,0,23,80,34,34,191,20,1
2009006,24.676156253347536,15.700231135562177,10.52370012441952,69.30975118949117,2,0,15,100,35,35,170,23,6
2009007,37.24032294006862,30.773657816214513,9.823796843747072,78.30766831060302,2,0,15,84,33,37,189,32,1
2009008,25.34561170352766,16.535545498040953,10.87144138794624,70.28923485833654,2,0,16,77,31,40,188,39,1
2009009,29.32177513333505,21.150736510738433,10.517873973347898,72.57244176460338,2,0,18,103,37,39,184,37,4
2009010,38.16068766837642,28.280350148253437,10.062545377290826,69.94947612776055,2,0,12,76,30,28,158,27,1
2009011,34.76943475642805,24.23165000658054,7.436194747364326,67.93454674706717,2,0,23,93,33,41,224,46,3
2009012,46.9875923370714,29.917683614048624,6.688401038755581,53.97789839751427,2,0,26,98,32,39,145,32,5
2009013,43.6238240473122,31.855136645174664,13.433470028113447,65.99457315098576,2,0,21,69,31,39,237,31,4
2009014,41.66169871470154,30.76966897185253,11.467942586198026,67.26782048284464,2,0,15,84,45,47,187,31,2
2009015,40.95773415051922,24.237314139352634,9.837987743317395,54.31936717828116,2,0,18,50,15,42,189,28,3
2009016,47.9464853013629,35.35942614010616,6.413856006498219,66.42989036485862,2,0,27,102,40,31,212,34,4
2009017,53.84620829008819,42.506306530743714,11.549342472690698,69.17832041696667,2,0,13,82,29,47,197,23,3
2009018,55.69762520984549,44.576556337482735,8.480107234784485,70.51866485640468,2,1,18,113,31,59,188,30,3
2009019,59.13635565647056,46.075958413100615,6.603034961241208,65.45999931940058,2,0,30,86,43,46,219,34,5
2009020,56.95060337255249,42.533520425850234,8.32458996244404,63.17001965953875,2,0,21,80,25,36,222,34,3
2009021,64.50557296553312,45.205054145876495,8.39213586720611,52.63078886515156,2,0,17,87,37,39,196,23,5
2009022,60.89273102384205,49.61559582818921,5.260807642971558,69.3530352427756,2,0,34,91,40,41,233,32,5
2009023,58.78526171044324,46.78323427258967,5.182312251876891,67.15887212601966,2,0,20,86,35,35,191,40,3
2009024,61.36730939647266,52.72390035781232,4.971983566404214,75.18143344285262,2,1,17,97,29,38,154,21,3
2009025,70.88824164801711,61.51444233282225,6.822869358109076,74.84590258845401,2,0,25,96,25,56,199,21,0
2009026,79.4903742598749,64.45617217009405,5.7002865411925745,62.444016324260865,2,0,22,95,17,42,200,31,3
2009027,66.51566417413456,55.70254367885257,6.035145220060133,69.90779066739664,2,1,22,60,16,51,198,31,2
2009028,70.74453835513526,57.579647437884056,4.972237432876498,66.09749399604648,2,0,39,78,27,51,245,29,0
2009029,68.53529606324938,54.20034645997013,7.308927188702617,62.97061165172908,2,1,18,75,35,50,232,32,3
2009030,70.63683913273175,59.48453010928977,6.2302799876158135,70.14983122893446,2,0,21,94,22,55,244,26,1
2009031,71.06264891544161,58.06775920609574,7.158302821025502,66.30766492882633,2,0,24,86,23,65,285,43,5
2009032,74.24098098358827,62.29602858546422,7.768872752523265,68.66669170199954,2,0,26,85,13,44,220,20,3
2009033,75.03992051393769,61.9293117349088,6.509489443125345,66.55896102435297,2,0,33,97,32,41,236,31,4
2009034,69.15725328263756,60.22813597256795,8.164558258374827,75.19088554468074,2,0,24,80,20,49,240,33,3
2009035,64.84770592603124,58.10925650228323,6.57044611512147,80.46925009420868,2,0,21,73,32,57,199,39,3
2009036,63.6760523063946,53.54278678661252,3.4743170650102337,72.2455367071497,2,0,16,70,16,54,206,33,1
2009037,68.16976283859101,60.36922334697693,3.936155865297907,78.57054695524003,2,1,22,91,24,53,238,34,2
2009038,65.75121651246853,55.28494214228483,4.851911951087749,71.21187157054283,2,0,24,96,28,51,254,32,7
2009039,64.97204099393315,59.405590788008304,4.505534404077615,83.25412513059018,2,0,19,85,35,60,232,36,2
2009040,52.4189622822995,43.72937207127814,9.613037049865595,73.85549793717261,2,1,14,74,32,34,196,33,2
2009041,47.74170091262994,38.476727358622895,7.133739677298622,72.3302596581842,2,0,25,82,31,50,225,49,3
2009042,43.150079803940976,34.36153408825675,6.613186016098415,72.50522385148551,2,1,21,70,21,41,210,47,3
2009043,53.00234176574169,44.59442895895587,9.878696129169372,74.79587397929195,2,0,16,86,26,30,253,54,5
2009044,50.934033637124976,44.02716571886091,8.09477293603573,78.67238864615192,2,0,21,89,38,38,216,57,3
2009045,49.627214972527476,34.8274896978022,7.750671321160044,58.66291208791209,2,2,22,71,33,42,168,35,3
2009046,49.04560435815547,36.021112136072524,7.377627909724685,62.74599039982418,2,0,16,67,27,24,175,48,4
2009047,45.24469451728374,37.201291136732046,7.10918361723106,74.69026101218613,2,0,17,80,24,32,189,44,3
2009048,40.89408052875314,35.35806323455133,7.081343717439763,81.48204986188617,2,0,14,69,29,36,168,43,3
2009049,33.716678544579686,22.78200575063826,9.711519751997942,65.23660135696073,2,0,15,70,31,34,224,37,0
2009050,25.56933505826756,18.560382177448705,10.014699629345882,75.58157142885246,2,0,29,84,24,43,169,38,6
2009051,27.934429278300367,20.44983922884189,6.615070878703085,74.72450061954052,2,1,25,87,25,47,172,45,0
2009052,28.43618542639489,23.979229649573256,9.934780047312868,83.28604677995158,2,0,16,58,10,46,134,48,1
2009053,23.67871132953633,16.77198217402092,8.590079752124431,75.33953438977542,2,0,11,24,9,20,76,20,1
2010001,16.22552223879523,8.82448171055974,8.250262188692583,72.94100302593215,2,0,16,63,30,36,169,41,2
2010002,27.659192246072017,21.63150107917529,8.16924588884669,78.66365167779307,2,0,26,94,35,32,175,46,1
2010003,33.796214414670565,28.644673206554778,9.254881515171563,81.91124844251688,2,0,12,76,27,33,164,36,4
2010004,18.80793343167384,8.948582527803225,9.767812225480595,66.0547515208741,2,0,11,60,28,23,157,40,3
2010005,27.83765946280763,20.07307990740156,7.328866988647424,73.17503505529213,2,0,18,82,33,29,140,29,4
2010006,21.861534748491064,13.052138049816522,6.630779173694626,70.30489020465613,2,0,14,50,28,36,117,31,2
2010007,30.62672734063212,21.086937056465285,6.346468426678656,69.53975742048765,2,0,12,85,32,31,146,35,3
2010008,29.226665529183684,21.82294631293893,8.806462127661698,74.73647752155568,2,0,6,88,27,35,141,38,3
2010009,32.69696019494676,23.72085075800491,5.640493639321164,71.07412057067371,2,0,11,77,26,18,181,32,1
2010010,45.67194053650447,40.871796828936354,8.525139687730556,84.2630727172437,2,0,12,87,55,38,189,52,2
2010011,43.83205853652937,30.80675412514733,8.561241129807064,65.02499651454389,2,0,18,95,24,35,183,20,3
2010012,40.48904220779222,24.611539502164504,9.301714391684765,56.1329816017316,2,0,16,100,26,25,192,36,3
2010013,57.00948444550195,40.23811908399164,11.811416857610942,57.40886479022564,2,0,10,64,24,32,157,46,1
2010014,50.54419534965062,38.055009097638326,8.588901563744974,66.66949542959078,2,0,13,78,28,34,170,39,5
2010015,57.51457092514522,34.90127353159271,9.363341422938946,45.590309906773435,2,0,19,112,30,36,219,48,2
2010016,50.72671481984637,40.56705495253909,7.276726469959058,70.54910552386018,2,0,30,75,38,35,171,51,10
2010017,58.293152588472886,41.88164606282815,10.62122182402842,57.22374230000208,2,0,13,85,27,41,203,28,3
2010018,55.68100076035723,38.92834508669199,9.961435877628679,57.1920474077407,2,0,17,82,40,37,213,46,4
2010019,53.43366911110168,42.94713253140238,9.217485944427796,70.9892001573706,2,0,17,77,42,59,191,45,2
2010020,62.005956162390376,50.85811417717956,6.209231903322261,69.81364434278167,2,0,18,113,38,50,194,49,3
2010021,74.29347131294378,57.94736092111263,5.761296798840368,58.732387140902865,2,0,13,108,27,43,225,51,3
2010022,68.57147160882256,59.12905362848202,6.441521953981389,73.6679231603126,2,0,15,84,33,50,211,54,1
2010023,68.2158110665801,58.36134484642871,6.285437727132964,73.06340235477333,2,1,25,96,36,53,226,42,8
2010024,72.33446324557566,62.21115946028124,6.487738870201823,72.7904698022021,2,0,10,84,23,46,212,38,3
2010025,75.96705976015599,65.67429658295801,7.016061203288323,72.07901750186271,2,0,22,69,25,56,179,37,2
2010026,71.99418077592468,54.142584319727405,6.548043393062315,56.01380643727582,2,0,15,88,28,44,206,33,4
2010027,79.1751368822557,64.75366641023798,6.489598020974781,64.2009097305057,2,0,11,84,24,40,207,33,2
2010028,79.415505964407,65.73018397702353,5.771620861097863,65.38179186331284,2,1,16,81,14,55,239,43,3
2010029,77.63650542551159,67.42245590187017,6.937281639027155,72.86182476530384,2,0,24,72,28,49,241,40,3
2010030,75.5400984831723,63.82327584936001,4.436612762326924,68.69690974621498,2,0,20,80,23,39,236,31,2
2010031,75.67774408731395,65.3725124514705,5.670681253812016,72.3252327769664,2,0,22,97,26,53,262,39,6
2010032,80.61027953246584,69.10813686047977,5.418815514436384,69.90920434315842,2,0,19,73,31,54,266,39,3
2010033,75.00229806222691,62.31274949324182,5.802843424861757,66.77051238465444,2,0,16,76,31,63,237,56,1
2010034,73.39624452280911,56.391922193877555,5.972502671920758,57.92819402761104,2,0,20,62,21,77,244,34,3
2010035,71.3081061856809,58.745575663728,9.82604524788057,66.86481152275476,2,0,19,76,40,46,230,58,2
2010036,66.39064824818055,49.89401803643144,9.382112480806724,58.584682213713016,2,0,26,75,29,36,240,46,3
2010037,65.02043440002583,51.96306276535105,6.100912985316461,65.12566653656509,2,0,27,81,25,51,215,80,2
2010038,66.7324159015783,55.11549648094264,9.839630680295162,68.2135951327359,2,0,15,63,26,52,236,65,4
2010039,56.72975382512392,43.95945936344122,6.424818293984195,65.60726337394684,2,0,33,74,28,51,195,36,1
2010040,60.52955898268398,42.67434388528138,3.8519302984014194,56.64170725108225,2,0,21,64,25,57,201,47,2
2010041,57.665320126066305,43.29032485017817,5.689556746674298,62.76280251187777,2,0,24,56,34,44,200,51,1
2010042,54.506172691281805,37.60175043900407,7.659034850598318,56.55716806616463,2,0,27,66,26,49,196,49,4
2010043,51.60636447896657,36.454012871423906,13.991066692114225,58.53014805975379,2,0,21,88,34,42,205,45,1
2010044,41.26716624230219,26.88664470821332,7.398154965954624,59.012455162477906,2,0,26,89,19,47,184,38,3
2010045,51.810582225478996,37.26104177695229,7.918386945808879,60.24738580983761,2,0,21,63,29,45,170,45,1
2010046,41.201852773759626,32.80697586616062,7.576230836479736,73.23095407849034,2,0,25,70,28,57,204,48,1
2010047,35.40055747117602,26.22402637444895,11.2007816173091,70.3428515074478,2,2,20,54,14,48,158,44,2
2010048,30.388748530586913,22.532959286405493,10.186305787732323,73.23352582131386,2,0,20,66,22,48,166,47,1
2010049,22.594534905486707,15.63405122758312,10.407942727616287,75.1547580093597,2,0,20,60,27,46,152,35,1
2010050,15.785476669528757,6.907103334939468,7.725019910148989,68.81638461719422,2,0,19,69,16,51,154,44,1
2010051,27.25509323680328,22.92230525860813,7.253129808717932,83.87147383429512,2,0,16,29,16,54,128,46,0
2010052,31.38067709371482,27.780715859550362,10.51823962399653,86.70538489346099,2,0,11,29,9,39,89,37,1
2010053,9.29283910519438,-0.08713699651814015,9.60925761026958,65.76623447108564,2,0,14,30,5,12,85,14,1
2011001,21.984123055068142,12.573265699837991,8.42365828351113,67.70266474249169,2,0,12,62,17,47,150,61,1
2011002,22.650107190740034,15.39046047729042,7.449931451423657,74.43853683291753,2,0,23,62,27,43,135,63,3
2011003,17.72965619012704,9.880203132484072,9.17764279576897,72.09146752726771,2,0,12,74,24,45,142,55,0
2011004,26.04045336806249,20.993734586349827,7.5172038981778115,81.59752887157715,2,0,22,66,19,37,146,62,2
2011005,19.270665949379975,11.552977284015984,11.821271965774217,72.87445133588471,2,0,12,43,14,34,92,40,2
2011006,20.377022930849343,11.590207854191805,10.123452403697693,69.33980127567867,2,1,17,63,26,35,143,42,3
2011007,39.03492710393029,29.905859090203887,11.284929886752682,71.20250090987226,2,0,14,79,27,43,160,48,5
2011008,30.32500447391626,25.39278452220216,8.510417600831275,82.59432033137848,2,0,10,67,22,45,139,41,5
2011009,33.539379714876695,25.471965497197687,10.43544831195313,73.76592271012488,2,0,14,74,23,37,119,42,1
2011010,36.28583309364026,28.91185197036464,8.495192336313035,75.83563544787681,2,0,14,78,22,51,156,35,1
2011011,44.34391663847906,34.674031409025474,8.029150588469541,70.43239879809182,2,0,15,94,27,36,158,60,5
2011012,34.97706550268155,26.387170152034876,10.571306573238827,72.3191984352655,2,0,10,68,29,34,155,39,3
2011013,39.77733496007069,26.190256877505323,7.693113639522188,60.87460076150071,2,1,16,68,28,49,152,59,2
2011014,50.99268565353425,42.02305755204617,10.567270230680913,74.05232805563303,2,0,17,63,29,45,159,61,2
2011015,47.739465156717465,35.531001434163514,11.697417182659498,65.67284578686369,2,0,20,65,24,48,163,37,0
2011016,43.8136863145269,38.03866030636538,10.423233198580567,81.65455269207045,2,0,9,64,17,41,148,54,1
2011017,53.02432144323002,42.26502602803544,11.072898663146011,70.11265384475008,2,0,20,64,24,58,180,46,6
2011018,51.56882318569808,37.77700441471075,7.733745473313703,62.04103284779527,2,0,15,91,32,71,198,54,5
2011019,62.443126062807416,53.33213792443433,11.624636155261898,75.21899807775405,2,0,17,82,28,39,203,73,4
2011020,57.623115997332356,49.037452905866864,8.21502903810767,75.26793512016822,2,1,26,74,40,55,150,50,3
2011021,57.09626160040325,51.10107758439371,9.643652816720854,82.0981773320032,2,1,26,80,25,57,166,45,5
2011022,73.19755297599265,58.880491029001554,9.164561378521077,63.00063564527803,2,0,19,85,30,55,183,43,3
2011023,68.88586448251033,58.19176266918167,8.729795913264818,72.71198097558225,2,0,14,85,24,55,217,35,2
2011024,68.74786408626143,58.04334381352891,6.333273825178011,70.83635891831112,2,0,21,84,21,57,202,48,1
2011025,70.1565636963375,60.71458050638802,9.086141779193358,73.94413024950238,2,0,24,81,29,63,207,53,1
2011026,74.77580360764897,61.53713158545745,7.6757615097009495,65.6278712047641,2,0,12,68,22,55,199,48,3
2011027,77.42403400886323,59.94563187770752,5.259268037643778,57.74554349449784,2,0,14,75,28,38,189,60,4
2011028,77.191700443134,62.91585913780507,6.431933459474526,63.5160244752008,2,0,10,71,23,67,220,50,1
2011029,82.9318256761762,72.14159358256238,7.484344188423604,72.12854612393326,2,0,21,56,30,43,212,55,3
2011030,78.34533871017257,68.06581032721375,5.2465745713621414,72.93071974132872,2,0,14,72,13,58,237,52,2
2011031,78.09301666718393,69.61719795316522,5.514221301193799,76.67254379606968,2,0,15,76,19,45,193,69,0
2011032,71.19814738820557,59.9257909622511,7.495977086441565,70.01314037408976,2,0,15,79,30,58,189,43,1
2011033,73.49177183175671,61.09961796166956,3.911588056750632,67.81398456399562,2,0,14,72,19,50,212,51,2
2011034,72.17593103954594,60.56057816862665,6.479424336298678,68.87739012859706,2,0,14,91,36,54,194,58,2
2011035,75.44672051738584,62.83670115242809,6.10094011870357,66.8032146407336,2,1,17,65,25,45,217,41,1
2011036,63.786686768325104,54.05856808029095,8.360962322740773,72.52478160818477,2,0,19,79,32,42,204,56,4
2011037,59.89665585532459,48.509892407968756,6.584248479448852,68.32194525649369,2,0,21,64,23,35,184,41,7
2011038,58.92627822380293,51.21884254027001,5.594430407677593,77.67134573042689,2,0,16,64,26,45,198,47,6
2011039,54.04786120198902,47.384173404809744,9.024883674443753,79.77525427474758,2,0,22,61,28,45,175,45,2
2011040,63.29939869685164,49.64453494180254,3.5949463406088626,64.86921152806404,2,2,26,81,23,40,182,54,1
2011041,59.402414594816136,47.21435537710808,8.002492779963154,66.51887982181638,2,0,17,58,20,48,195,38,2
2011042,47.69582180807147,38.23032843652158,8.989764589221277,72.20500056521617,2,1,22,90,17,53,185,40,0
2011043,48.41732468728986,38.200366473914855,7.613957852162114,70.80495824725558,2,0,28,84,32,36,193,39,2
2011044,48.7572694128895,38.232689122414136,10.017104968344208,69.19072057243281,2,0,24,79,23,32,179,54,5
2011045,47.09196428616627,39.822738377338965,11.205720459766836,77.77229877515164,2,0,10,71,17,26,183,40,1
2011046,42.54839299144471,29.00467963829439,11.065485856698345,61.45721885970179,2,0,32,75,24,50,171,50,2
2011047,44.19265677630908,39.32988051424824,10.556321143029185,83.68783027187705,2,0,17,66,14,30,162,39,0
2011048,39.00727839965077,30.73526924578385,10.798755933844502,73.8805864671115,2,1,23,57,23,31,183,37,5
2011049,30.20128834742409,20.873770302805443,8.51208333376566,69.20758910831104,2,0,14,68,21,45,175,44,3
2011050,37.4156631508928,30.732998739614622,8.444450760304074,77.95120371807033,2,0,19,72,27,35,157,45,5
2011051,36.53715402448644,29.81501313709096,8.398625144578757,77.73514964913731,2,0,10,62,14,46,160,33,2
2011052,32.22471580172102,25.067955649160005,10.228022262342586,75.9517522326718,2,0,6,74,16,47,185,45,3
2012001,32.133945071961776,21.614784250827817,8.515399960691823,66.36195297976937,2,0,11,43,12,54,181,43,1
2012002,28.12265073242565,20.822768644113086,7.923110037054223,75.49842240388939,2,1,12,63,15,48,139,40,2
2012003,24.81320959331293,18.22690695155533,9.558367218865952,76.85890327540542,2,1,12,58,15,30,131,28,4
2012004,32.741609072001424,26.515009943243562,9.56051672935406,78.86720777282895,2,0,6,62,17,37,136,28,1
2012005,38.625259533189826,32.78028291272175,7.268022399023755,80.41410242987853,2,0,4,69,27,37,164,32,3
2012006,27.032605107848195,17.809964018869135,10.51788432668892,69.97796460707528,2,0,8,66,24,35,116,25,0
2012007,33.73016401516409,25.92164022455777,7.494966209112704,74.69677779845132,2,1,8,76,19,36,147,34,2
2012008,33.423477486349505,26.626688163212275,9.690463026813015,78.02234183003587,2,0,6,69,26,32,131,34,3
2012009,35.71590229941658,27.903194963945857,11.555573151624765,74.5272037525835,2,0,12,58,25,25,143,33,1
2012010,44.991496181049556,27.254935703777665,14.800796167283584,52.870380876574984,2,1,11,67,33,37,121,37,4
2012011,64.1623228985831,51.10380186258755,8.730748980233061,66.09942480355521,2,0,11,89,33,33,165,23,4
2012012,64.95644777278967,53.949656702476275,7.35657414281932,71.34402105600627,2,0,18,88,36,27,143,33,4
2012013,48.06210156471384,37.40087282243541,10.471088883087136,68.96783660356161,2,0,14,56,16,30,180,26,2
2012014,50.67456596035544,34.67352699931647,10.111728835074699,57.70883914331283,2,0,9,65,15,24,171,29,1
2012015,51.853198282885515,34.91315337817118,9.732268701388735,56.274305720872135,2,0,11,80,18,18,165,28,3
2012016,49.59177887665872,37.818652674620935,10.994647758877004,65.901161114257,2,0,10,75,29,31,148,36,0
2012017,49.04805788486332,33.98623335937919,8.674542402251015,59.70734853323256,2,0,13,76,33,29,160,26,2
2012018,62.52195536395737,56.309381666684565,7.872242715295644,81.4650464612234,2,0,8,92,32,43,150,28,6
2012019,57.94636876162246,43.12664297527622,6.634658835395918,62.77803997639561,2,1,24,72,26,35,165,23,6
2012020,67.05682075156467,44.496066216716414,7.481958547423475,48.01569406832959,2,0,22,98,36,40,203,53,1
2012021,69.3024622224709,49.75534803595925,9.812542641738062,53.12116565924615,2,0,26,89,26,40,167,37,4
2012022,65.00973514266026,48.40510087918842,10.069746835906114,59.689773631265,2,0,25,78,24,58,184,45,5
2012023,69.99060150375941,49.46992481203007,6.762410994373352,52.004699248120296,2,0,21,88,33,43,186,34,3
2012024,73.18177551722442,53.457169885498054,8.123374613003097,53.7718659393582,2,0,14,81,19,58,192,41,2
2012025,78.79566541274122,60.11680780857902,9.498510309613376,55.05548100168194,2,0,31,86,20,59,219,30,0
2012026,76.35607187124701,59.90037367173549,7.615720507573998,60.02122541819907,2,0,17,67,22,58,238,45,1
2012027,84.9574662954459,67.89234221431575,7.45694611480005,59.17181752611644,2,0,18,70,22,72,190,35,2
2012028,77.73782264256462,60.67021408751713,6.238862451481569,58.675383371751366,2,0,29,75,22,71,211,39,4
2012029,80.0653030930629,66.48644199645427,7.352571581297567,66.27511153320626,2,0,28,65,15,79,208,35,2
2012030,78.93722340072507,65.01493153690247,8.012960181674265,64.66832764746938,2,0,40,67,23,70,238,15,3
2012031,78.41382759056728,63.94582066259648,5.645989702108387,63.81832959207426,2,1,20,80,24,65,190,29,0
2012032,71.1196333968517,57.94816418737771,6.3992020461350245,66.30430854372123,2,0,14,71,31,62,192,27,2
2012033,67.99892798273522,56.79324446350511,4.336290618418255,70.45357638160563,2,0,18,69,21,66,208,17,0
2012034,72.76494540718998,56.83677938480018,5.223141317301976,61.559018717534855,2,0,37,69,22,77,181,37,3
2012035,74.9859704901939,63.32606811150004,6.813867992374365,69.78824126749358,2,0,22,86,27,75,209,25,2
2012036,70.67792808524747,60.48698487289653,6.983455481353487,72.45365945272083,2,0,17,68,21,56,202,33,4
2012037,65.44230863121841,49.83859843164355,6.178942820611147,61.14126005573375,2,0,19,61,20,55,193,31,0
2012038,56.33989031408042,41.88439121055126,8.62597507071002,62.67192219731929,2,0,16,64,14,67,170,45,4
2012039,58.63518155472808,45.85357295336404,7.118012361265177,66.36456091072105,2,0,20,56,17,62,171,38,3
2012040,53.31005990913111,41.31606861245296,7.444264627701161,66.1039040017921,2,0,13,55,26,54,172,29,1
2012041,51.247804097913594,38.288940618007935,11.95881789539886,64.60478433262146,2,0,15,82,31,53,168,43,0
2012042,51.535809206869,43.27323771381758,9.714467615102077,75.40693741316257,2,0,12,66,41,58,164,34,2
2012043,54.688254772293284,45.97259724712645,10.173258168459517,73.65290481112558,2,0,14,65,23,63,200,39,1
2012044,41.68949997871737,28.996189408070723,9.780778634455999,62.12713641360383,2,0,19,73,26,52,162,32,4
2012045,46.08340876740953,38.95807875259739,7.661190428910106,77.71861393546067,2,1,24,75,23,49,157,37,2
2012046,36.527339738701194,26.1589938770913,5.280141245778604,68.39526842388595,2,0,13,57,28,49,161,38,2
2012047,41.31138905047337,32.05367846527991,8.946560449596129,70.9872877913803,2,0,20,66,21,50,132,45,0
2012048,39.79423346110421,28.968008665278262,6.840490411556301,66.70983879862399,2,0,26,59,26,49,163,50,3
2012049,43.77434949056707,36.52322589901774,8.607867730940729,77.21644663526851,2,0,14,74,22,51,143,35,1
2012050,37.46245661514339,29.658395231675758,9.771478996504507,74.84078185741183,2,0,18,76,32,67,134,33,4
2012051,33.05569534825706,27.49714686312755,9.370660847452795,80.38935378593558,2,0,15,58,19,54,127,27,0
2012052,30.473382300456347,23.92241101461852,10.49949592024461,77.00142738729087,2,0,18,67,28,33,147,34,2
2013001,21.010340691806732,12.794387460534747,8.978488672428595,71.49705627655547,2,1,24,52,12,31,142,32,1
2013002,36.257136121277576,28.993021036898945,10.826542760623086,76.8430694157166,2,0,30,52,25,42,157,42,2
2013003,26.37758047235901,15.30658577933464,9.599406669700874,64.62967789243419,2,0,20,63,34,52,138,28,1
2013004,17.221168477353245,6.309653701050826,10.083677661452821,62.9882927663536,2,0,17,60,22,38,154,39,0
2013005,27.27117161918942,22.223807412074134,11.287316044878638,81.38243459532403,2,0,29,41,31,32,144,31,1
2013006,30.017389785126856,24.98174081820121,8.672815585682764,81.98640129546861,2,0,14,62,31,32,117,39,1
2013007,27.97948450024573,17.005359288161607,10.61806845529118,64.80827099774906,2,0,12,75,26,34,121,31,1
2013008,26.040698347859944,18.17538941218554,11.717526675494799,72.89966176175754,2,0,11,66,24,27,97,31,1
2013009,29.890783446967145,23.545003288623004,9.65934746675465,78.62263515680309,2,0,11,73,26,29,130,39,4
2013010,33.89454769410938,27.428415979923898,7.717844244003728,78.08523501702122,2,0,10,68,15,22,129,31,3
2013011,32.442140647203686,25.48038000830392,9.802850489889506,77.01158431066256,2,0,8,78,32,24,133,20,1
2013012,27.97227557441494,16.632635722833747,11.34089673052963,63.957753779949584,2,0,6,82,25,20,107,23,3
2013013,39.71506291674077,25.38340390558408,7.798841923761638,59.68474639402972,2,1,8,47,13,24,110,30,2
2013014,41.06363606987499,22.703936754537686,9.675407260705127,51.09933357183383,2,0,18,65,20,21,127,20,5
2013015,44.42239261969212,37.993082948940106,11.800516237149862,79.98788503203039,2,0,19,70,18,19,140,22,5
2013016,45.30397902609212,35.819808996588556,11.407700545197141,71.61816547595105,2,0,8,61,29,30,161,31,4
2013017,50.510963894593864,38.04511309430647,8.661237507572649,65.5053429764062,2,0,13,80,33,33,149,16,0
2013018,59.09380222264344,46.863063743041074,10.29799006444683,67.17800125313283,2,0,10,58,24,26,169,26,1
2013019,54.70644460865541,40.80373484860278,6.696667877086119,63.27134785651692,2,0,13,69,27,22,134,20,2
2013020,66.51630132871236,48.57622001737832,6.468651861147331,55.3725765449949,2,1,13,77,28,40,177,21,3
2013021,59.66096597606132,48.757399788684374,9.196088740511433,69.59632787075478,2,0,17,72,26,37,140,15,3
2013022,66.65524846396633,60.12323547949721,10.317375277308466,80.59288941369262,2,0,19,73,25,35,157,27,3
2013023,61.099422309834566,47.02624335916774,6.067779582566743,62.6297916592003,2,0,18,72,26,25,176,26,6
2013024,69.05580602773408,59.75703196108956,6.757631379219594,73.9341343167027,2,0,12,86,25,42,195,23,1
2013025,71.22572625780343,58.77220198272045,7.618189505046938,67.49002607499628,2,1,13,69,25,34,178,20,1
2013026,72.25861167202709,62.839472824354445,8.903881847599589,74.1236976371051,2,0,23,87,30,34,177,27,2
2013027,70.66109333198598,59.801399977728565,6.823785940839465,70.44244995578687,2,0,15,68,18,29,158,19,2
2013028,75.27242862035261,63.018632522138795,6.28798176016233,68.09105123737733,2,0,27,61,16,27,182,16,2
2013029,82.01148543136125,68.31674951769642,6.816355350594094,65.54345902025062,2,0,30,63,15,27,178,21,0
2013030,67.6245123645805,54.74095734175643,7.861921172472137,65.24971624674768,2,0,17,75,18,26,199,15,2
2013031,68.4301111528733,57.73063860225737,5.508897519553012,71.01760640428317,2,0,14,62,15,35,212,24,1
2013032,72.44835303976804,60.174991425531005,6.485353359232028,67.5269568158045,2,0,27,71,19,47,197,19,1
2013033,67.84678621393692,54.220429444611334,5.153976660665427,64.57769502683146,2,0,20,60,9,39,232,22,2
2013034,74.36610129857527,60.23809373956887,5.838245140752236,64.80751762262867,2,0,25,52,13,28,199,22,2
2013035,77.18303330002706,66.8452543343067,6.918662268125616,72.49485235989565,2,0,14,71,24,36,197,17,0
2013036,70.62226158405946,57.96251581972502,6.095288306710245,66.45868620175342,2,0,16,73,11,38,182,19,0
2013037,70.7609690411505,56.215370985140886,7.641383533521844,63.05430146933811,2,0,22,65,15,35,182,30,1
2013038,63.628525375196304,53.640344912968544,8.078118123256251,71.3541976927626,2,0,24,70,19,29,197,30,0
2013039,62.24499123387625,49.69258502332083,6.168930297861434,66.5558398550244,2,0,12,72,20,30,189,18,2
2013040,65.77662276752041,57.33228527731752,6.9636887211360285,76.67873887096466,2,0,19,71,27,32,188,25,0
2013041,58.65048317755092,46.487013465965745,5.035488728281026,67.0202318507307,2,1,16,68,31,43,179,22,0
2013042,50.66235511167391,42.38284772921391,8.211826026221285,74.76505701258475,2,0,18,62,23,34,160,14,2
2013043,40.85482463342263,28.09817921239881,8.419289963414283,62.727446777864195,2,0,13,53,18,33,161,14,2
2013044,48.50298398162834,42.529378184799164,7.5437325144889895,80.76638835408174,2,1,14,69,27,19,185,15,1
2013045,45.84103811495034,35.616184081863004,11.428349404718498,68.96365593674295,2,0,14,58,39,42,181,18,2
2013046,40.86639362117277,30.749375996666263,13.791791776828267,68.76325628753898,2,0,16,56,16,30,155,24,2
2013047,33.409974362933795,23.765708391662162,9.174016034736493,68.96778871000905,2,0,15,61,18,28,164,21,1
2013048,29.426130800453695,18.836717875998573,8.559473446594215,65.78599953604575,2,0,7,51,16,20,161,19,2
2013049,30.824386089473393,23.71628172600818,8.424003306216635,75.79777048346799,2,0,14,59,20,25,172,11,0
2013050,17.401511139587576,9.94061466897649,9.969696164821327,72.83978380419907,2,1,19,58,18,23,146,28,0
2013051,28.893328694312114,24.111002520601453,8.064279599974016,83.07700091128197,2,1,25,66,24,34,159,19,1
2013052,24.78598269712509,17.556171827663984,10.768287692104158,74.48420234600556,2,1,13,46,11,30,87,21,2
2014001,18.133541254082413,9.752377997136026,11.581482183809062,70.86910255381653,2,0,9,48,13,22,109,7,1
2014002,15.74457389266471,9.629407428148344,10.286438448203304,76.91953799175158,2,0,8,45,15,26,93,13,3
2014003,24.48998195792422,17.30494430012004,11.959130679305884,74.65102465947788,2,0,8,62,15,21,134,17,0
2014004,14.086070775505826,5.110834601514988,13.737683620088749,68.05849804138388,2,0,8,49,12,26,137,11,0
2014005,14.120799551855841,4.889458941433328,10.035073199015772,67.3490234410344,2,0,11,45,19,38,123,19,1
2014006,11.575264274619498,4.084176516699114,7.716770439448049,72.39526007656806,2,1,6,44,18,26,119,15,2
2014007,13.306241342895477,4.082478698550127,6.945796806229137,67.24462197159565,2,0,9,60,18,26,119,16,0
2014008,30.498601657343617,20.792879547393547,12.085829865270314,68.88446734747541,2,0,8,53,17,14,91,20,0
2014009,14.43024302382641,2.1642772023274426,10.713592481221312,59.1509994169483,2,0,5,57,28,18,103,7,2
2014010,23.15277070771271,14.1193983176869,7.632498766980808,69.20907451804253,2,0,7,63,21,13,98,8,2
2014011,33.64427459758287,24.31507326007326,12.81013622085509,69.60816807252897,2,1,9,86,32,28,104,21,2
2014012,35.74688538057759,25.170711050474104,9.331238196769158,66.87913168694644,2,0,6,59,20,20,108,20,3
2014013,34.11458405291379,22.031945647117762,10.30935223015305,63.933003109818124,2,0,15,60,24,28,115,21,0
2014014,42.83011572016752,29.204667290276454,11.552698248523983,62.10937780627073,2,0,10,70,34,14,145,15,3
2014015,53.225750665747356,36.23790576904743,8.904612540716318,56.981967409818985,2,0,11,65,28,22,126,4,5
2014016,45.78164943952686,30.254379641512735,10.269049516067483,57.850244440632075,2,1,9,50,15,36,111,11,1
2014017,51.444810010698866,35.794733011907944,11.308123750139657,57.872064398605474,2,1,5,62,19,28,133,11,2
2014018,50.84832752801104,40.16913422987943,11.434624076619581,69.81178484180809,2,1,9,59,30,33,141,15,2
2014019,63.164148541318546,46.926048200684995,10.805831354017398,58.00203742644102,2,0,9,70,29,25,139,12,2
2014020,53.904115238178335,43.580777620872595,9.735735360328166,70.54296164509348,2,0,10,67,24,20,150,14,1
2014021,64.6652145007889,49.09226621614511,6.767141927873345,60.071221195926384,2,0,3,65,33,23,155,13,0
2014022,69.0874942573257,56.21275513752117,7.532650296696143,66.40460734455324,2,0,16,47,29,20,153,16,1
2014023,67.36371453844696,50.99595078577239,8.492836389916592,59.99526411734284,2,0,19,73,28,24,144,20,2
2014024,65.7471064173924,52.354523383173856,8.034999670502998,65.30023946580694,2,0,11,72,25,23,158,13,4
2014025,72.59376601139657,63.86424900587922,7.7387274264577375,76.13951639567007,2,0,13,70,19,26,173,19,2
2014026,72.29065984900656,64.75853281385355,7.365355612378439,78.6702668228204,2,0,18,62,17,27,189,25,4
2014027,69.94762423037356,57.81902779064579,9.045780567118976,67.72494214690096,2,0,21,54,23,30,155,12,1
2014028,73.2444114629265,60.514589244898026,7.555795121433454,66.96363319172224,2,0,20,52,13,25,166,23,1
2014029,67.5828910321483,53.75123390816191,5.243654387855252,63.580062025914735,2,0,7,62,16,24,206,16,2
2014030,72.33329111722877,59.73815998616346,9.388082837725687,66.29812140044066,2,0,12,54,15,29,194,21,0
2014031,69.53740285708587,56.15678420726534,5.996885834988561,65.01118916321721,2,0,10,49,11,31,172,17,1
2014032,72.27852365581388,60.558385434063176,6.593044517426592,68.61762510748035,2,0,13,57,10,35,162,11,2
2014033,67.7527822628805,58.158193045644744,6.835403589284615,73.41779058173374,2,2,10,45,12,30,182,20,1
2014034,75.58045661199628,68.6992287161073,5.98229065721029,80.56789852334904,2,0,18,49,15,39,126,16,1
2014035,75.12356445776706,66.01209536077957,7.4317158533591705,74.45176366944459,2,1,12,43,13,22,148,17,1
2014036,73.0699006999121,61.48581476052489,7.976307560830079,69.19360321646768,2,0,19,53,17,20,156,14,3
2014037,59.228294056373336,50.57667274994732,7.969210336646422,74.74708996012157,2,0,10,63,14,21,129,15,1
2014038,60.317996631048075,50.86078276146281,6.710615151867001,73.46287406456156,2,0,9,65,15,25,147,17,2
2014039,62.36036940162068,51.341223822457984,3.1659419261383865,70.3934507501021,2,0,14,56,19,22,164,17,3
2014040,56.25403136438352,47.67066632113934,9.71595854782844,74.60873121506161,2,0,12,64,17,28,142,16,2
2014041,52.19816491822574,39.390651652409716,7.089146528620729,64.56411305793246,2,0,14,47,12,15,152,14,2
2014042,54.14172615087568,49.29236955590883,8.505598440319636,84.39738279360579,2,0,17,45,10,22,146,14,0
2014043,52.871042521669814,40.603051336054655,6.464977681831731,66.34958562895868,2,0,16,42,22,25,148,17,2
2014044,46.66378456370058,34.27202006653294,11.068585436586558,64.07555509067268,2,0,12,62,18,26,166,17,2
2014045,46.25019847800711,33.201798714517224,11.798680001056884,62.01077368280846,2,0,4,48,23,25,138,12,0
2014046,32.85541907518769,22.80755613505272,9.7195011956881,67.44908538750711,2,0,18,43,12,23,123,8,1
2014047,27.752034222760933,17.48695403658555,12.754260482043723,67.16787682600463,2,0,15,46,26,14,138,10,2
2014048,31.682775480286143,26.07560103121321,11.04583132537468,80.0982595533599,2,0,9,47,12,27,103,9,1
2014049,30.782258150434426,21.652202880389382,8.273244372674526,69.92605842493019,2,0,9,51,15,22,121,9,2
2014050,35.76339979202957,31.893935909495845,8.639575249168512,86.16617268400738,2,0,16,52,26,21,119,11,1
2014051,33.26984601239969,27.64621738633321,7.391177893593865,80.16233728283021,2,0,16,54,14,22,147,10,1
2014052,38.47847705908168,32.99585657817385,9.976054895414432,81.3096582593162,2,0,16,30,6,23,133,8,0
2015001,27.08061740890688,20.182692307692307,8.584665991902833,76.60129048582996,2,0,1,29,9,8,71,6,1
2015002,9.202566621906442,1.0410636271149587,12.59981894967055,69.74856195162225,2,0,7,26,7,18,108,8,0
2015003,24.608575062909267,18.233205717350167,8.971255932828313,77.17782568452581,2,0,12,49,19,19,141,8,1
2015004,32.02048558347871,27.105811654028468,7.252357518507596,82.4837778234167,2,0,11,51,29,28,141,15,2
2015005,28.17142099734877,20.875009541723717,8.474746850537162,75.4650197076372,2,0,12,55,20,21,113,12,3
2015006,21.651981193338518,15.71608991866816,8.365155457200226,78.41688573972003,2,0,12,40,15,11,90,14,2
2015007,19.618773154138673,10.369840791586698,11.139888771711696,67.8769057075343,2,0,17,42,24,15,112,13,1
2015008,12.197869442496778,0.808413421978145,9.338009329943812,60.86096158597416,2,1,7,35,9,14,104,10,2
2015009,13.755247327116114,4.084811268957227,8.23310095264022,66.68417434584993,2,0,4,43,23,14,118,16,1
2015010,24.660403818005587,14.823998936491206,9.38450837800043,67.357197459474,2,0,10,40,18,11,83,10,0
2015011,43.50965560761621,32.550710208434886,6.536134670298539,68.9525193011219,2,0,10,69,28,16,130,12,2
2015012,41.474093254012324,25.48180991838964,9.34523568234881,56.475636580265196,2,2,7,61,26,9,110,8,1
2015013,32.57913583651917,21.950606130967635,10.274743846088716,66.90615064889963,2,0,10,52,13,7,122,16,0
2015014,49.76224754838938,31.253955249222397,9.889450924406706,53.8678444610669,2,1,9,49,16,15,130,18,1
2015015,49.76824463075986,38.37836656928382,10.224892116366274,69.39912357837555,2,1,9,40,9,19,96,19,0
2015016,56.246663263779745,36.66992791121631,7.6651291653887155,52.947295726971724,2,1,6,62,13,16,136,10,1
2015017,44.23634291993451,29.00686999541907,11.370656046819496,58.86727148423802,2,0,4,54,12,15,123,9,1
2015018,52.789408441272904,36.62581841371953,7.318761149376369,57.663484564136226,2,0,7,61,26,20,160,20,0
2015019,59.4354302105409,52.13598180408724,7.515110922026414,79.75082830663582,2,0,5,56,9,23,143,17,1
2015020,60.53472704449971,50.7427709352633,10.502045954806698,71.33464875653331,2,0,12,72,16,13,130,8,2
2015021,57.76618195361295,41.06845457110219,8.015095314960506,56.80868914639817,2,1,10,52,19,17,119,11,2
2015022,65.66382325424912,56.02997111436988,11.519972722654243,73.09592755795997,2,1,18,53,21,19,125,20,0
2015023,61.71017016199369,51.33618140090184,7.868558925160684,70.55100241671474,2,0,7,45,31,13,146,17,1
2015024,70.54954848579591,61.45538850886313,7.599539026244296,75.41673073975382,2,0,10,71,24,22,124,20,1
2015025,68.1553194900528,60.10773247814952,7.182722042988054,76.78523136981121,2,0,14,81,13,21,136,17,2
2015026,69.32896778369691,58.79343828549342,6.828804934848653,71.67073011341986,2,0,14,64,19,21,141,22,2
2015027,66.54022053613338,56.24475457035442,5.31971516792896,71.40601253623308,2,1,14,51,19,30,101,24,3
2015028,68.00993657380705,58.839106018604426,6.649252432912844,74.35113758525327,2,0,9,47,14,18,145,15,1
2015029,74.19673450526155,64.3507576244222,8.27547973229409,72.61377629969824,2,0,11,37,13,23,151,11,1
2015030,74.9333281957121,59.86390441344002,5.095108697386451,61.83119188664302,2,0,19,61,11,22,125,16,3
2015031,78.33914831014467,60.60222600302148,8.902423825596482,57.923162379835915,2,0,16,54,18,19,153,23,3
2015032,73.01293599892793,59.21468272385109,5.817112512828173,65.12946460118391,2,0,14,50,15,24,147,25,0
2015033,74.64538851461329,64.01197741255321,6.302887641944467,71.42155583248869,2,0,19,60,19,27,158,16,1
2015034,71.09302175436643,59.58429890734982,9.564621526048748,69.37330422167271,2,1,14,66,13,12,156,22,2
2015035,65.42944679568383,55.700842796857735,5.6288029168271265,72.5664656513136,2,0,15,37,8,24,154,23,0
2015036,76.94352571191291,67.30817366908403,5.844886676636352,74.23753976289584,2,0,13,39,25,28,129,20,2
2015037,66.08456486673825,57.34147948425325,6.66441042334004,75.51713456341999,2,0,13,60,9,11,161,14,2
2015038,67.68640603229373,55.6295879138273,8.889898831850216,68.4483021379398,2,0,15,67,19,18,150,19,3
2015039,65.86771765036652,55.41996637762656,4.751242135232016,71.6650792571674,2,0,35,63,19,24,129,21,2
2015040,57.75377697684299,48.08066488245363,12.8581665818938,71.46576418169589,2,1,18,65,17,25,127,18,1
2015041,59.31512470949648,50.51731828315128,7.174713199241091,75.20579637019885,2,0,20,66,19,20,148,17,0
2015042,51.371627933470045,34.363459785828205,8.423869502172048,55.07874800637958,2,0,5,54,19,20,130,15,3
2015043,58.74811315275712,44.19502086320971,10.154234405085798,61.9513054025438,2,0,16,60,26,19,153,15,3
2015044,48.94154012482186,41.14580729727789,9.964423029670709,76.34861304845825,2,0,11,52,25,24,157,17,2
2015045,53.29232921253451,44.03319099164958,8.706493414262395,73.29787335228293,2,0,13,55,13,27,139,17,1
2015046,45.667894340971785,33.021680793394225,10.64718420531346,64.12295938198181,2,0,7,47,17,23,126,13,4
2015047,41.16311530747708,32.23841938669574,12.697029882975901,73.14515075977192,2,0,3,43,21,20,115,11,2
2015048,39.41010806848021,32.95793775534007,10.33799175663602,78.44654100202341,2,0,16,39,17,35,138,11,0
2015049,36.54309808242064,32.05408237371945,8.08300392963932,84.74351722129855,2,0,16,39,12,21,128,23,0
2015050,47.282751262640566,42.02807849290866,9.170322184108908,83.21822678375024,2,0,10,53,17,17,171,15,3
2015051,36.949249703479715,28.230213093664066,13.026607155696839,71.68902188797036,2,0,11,50,16,25,171,21,0
2015052,42.233982168775206,37.928014409901024,11.233713252123007,85.23900398514319,2,0,12,26,10,29,99,14,0
2015053,30.495721838035994,25.369411298678358,12.40125539161852,81.53575632105725,2,0,4,14,9,13,46,5,0
2016001,30.285222507540357,23.56369011513691,9.005881183962616,77.06193710183155,2,0,22,41,17,28,138,8,2
2016002,20.37745144367083,12.849988459528243,11.831077506908839,72.83459936097486,2,0,20,46,16,19,91,14,2
2016003,18.89393645084593,10.61175934239118,5.972424443363557,70.73799325202219,2,0,16,45,8,22,123,18,2
2016004,34.402736032114205,26.584805810104683,11.17378437678723,73.9856499856625,2,0,25,59,20,20,125,20,2
2016005,33.200167025074954,26.910525155710264,8.926612671357313,78.74112168774583,2,0,15,49,10,23,98,14,2
2016006,17.163162012196306,5.942031264859634,10.30030197959995,62.73969777298812,2,1,9,34,14,13,88,21,2
2016007,36.014262197980095,27.030581512237088,10.450456841242536,71.92793724000397,2,0,18,49,17,19,102,21,2
2016008,36.81057505160824,26.38095380831001,12.094481012228512,67.5411378483706,2,0,10,58,23,21,106,21,2
2016009,32.24041240592737,23.577444514631924,10.005284151299596,72.00497799159142,2,0,6,35,20,29,116,11,0
2016010,50.73444471560366,43.09169544032932,8.605570724128993,76.48095889853546,2,1,8,46,23,19,92,14,3
2016011,44.77078474430436,34.468728809049985,10.51073145202645,69.63718481712604,2,0,8,49,15,20,125,15,1
2016012,42.41920684212825,33.17527761115563,8.983556293737745,72.55518361722184,2,0,7,45,17,32,113,15,0
2016013,46.079607933922674,35.13845027772173,12.520268610841692,68.10203366364935,2,1,8,70,16,26,115,11,3
2016014,37.471175957810715,27.822618545393972,11.737947904760604,69.80162850629391,2,0,7,51,17,19,123,17,0
2016015,50.7507135141847,32.77598743732828,6.450075683388684,53.389661925376224,2,0,10,55,25,35,135,19,2
2016016,56.471446114791675,43.91582268322004,7.632292139020211,66.57976948815336,2,1,14,44,11,29,116,16,2
2016017,49.28212272893443,43.31986549847476,10.808959594274478,81.89371082852868,2,0,10,59,23,29,131,16,2
2016018,53.870925402338834,38.742240389974505,8.846463704487642,60.19247525559705,2,0,12,57,18,24,131,21,6
2016019,53.96034742212162,45.78990951973994,8.945507295427491,76.30377105881878,2,0,9,66,19,26,141,17,2
2016020,56.989744065293586,38.74402345771379,6.663904133289884,53.975412638814745,2,0,19,50,21,36,101,14,3
2016021,72.31349436378011,57.53394280173221,9.711221626170069,63.72227600317649,2,0,10,74,30,29,151,14,1
2016022,70.21550054193128,57.13954708728124,6.376183746241741,66.47512959469252,2,1,14,65,22,27,137,19,2
2016023,68.80969873450468,53.33633707303324,8.437706892123023,60.95034732430073,2,0,12,66,29,25,126,20,4
2016024,74.44332911727322,58.23463281859406,7.225693696672009,59.955771147524395,2,1,18,83,34,29,121,15,2
2016025,75.52223473247577,61.63141403482515,7.959408635244257,64.89712670031344,2,0,12,63,22,26,144,23,5
2016026,68.6115816393404,52.35477426617774,7.21225531796133,58.58860606961412,2,0,13,47,17,24,140,22,1
2016027,74.10805374212555,63.149707719124976,6.8103850835488515,70.85725175936481,2,0,17,52,19,24,149,17,2
2016028,74.93848902086926,63.231945527161166,9.904584597165613,68.67605437163907,2,0,14,45,18,27,116,17,1
2016029,78.81081777170881,69.13988090544795,6.7413179482527426,74.02800470330533,2,0,16,47,14,26,146,15,1
2016030,75.46606873257268,65.25356564955987,5.234525431785679,72.54321496992735,2,0,18,64,29,26,137,23,1
2016031,76.65394665827296,64.13144922229698,4.70311602190683,67.20351540042937,2,0,15,54,14,26,136,14,0
2016032,78.28181251519685,66.88663200502683,5.8215615165239925,70.1102123260936,2,0,16,58,23,20,151,14,0
2016033,73.1193801348273,65.29435985223431,7.208567123619091,78.05494258909141,2,2,15,39,20,36,190,16,2
2016034,73.06673543816623,64.90005776834066,6.609729585446289,77.35664661787031,2,0,18,44,10,23,166,17,1
2016035,70.83859950641376,62.40522050590282,6.4718362648543595,76.23508522104703,2,0,22,41,15,34,183,20,3
2016036,74.14745789755317,66.24107663361868,7.6797989070794035,78.24679044626585,2,0,9,41,17,32,144,20,1
2016037,70.03786309125228,59.89875251515825,7.152696004814621,72.40394039936851,2,0,27,49,19,38,170,17,0
2016038,71.74727298092174,62.22018847306048,6.774466912260044,74.75922524057556,2,0,12,85,28,37,197,16,1
2016039,60.43382025699723,52.19786265276382,9.762368515626989,78.1392514754403,2,0,16,58,20,15,161,16,4
2016040,62.019522966150056,53.947164574165754,6.4312571302809,76.51001314427643,2,0,20,68,21,23,126,19,1
2016041,58.54216062177006,50.543535903142654,8.122600506162394,76.71828676822498,2,0,27,58,22,26,156,20,1
2016042,58.03798792115057,48.1328020705097,9.77331166207542,71.6993114592741,2,0,19,59,16,16,165,18,2
2016043,51.64731870276571,45.76495452949033,8.375650545031174,81.34562164257834,2,0,17,55,21,23,176,21,1
2016044,56.00340401912099,49.3127427079678,5.4899454220546025,80.14092197637467,2,1,22,76,19,23,185,15,2
2016045,48.671180715969236,37.49371674528086,8.360952558507664,67.32446757352047,2,0,9,41,15,19,140,23,3
2016046,45.78920184726677,37.05881314354802,9.39746827809561,73.14857461341613,2,0,14,46,19,28,145,13,2
2016047,37.185886852208725,32.14960776580801,7.516727600949529,83.04473713841323,2,0,5,43,7,25,141,17,1
2016048,39.06850923143582,33.52181657264676,9.860106266835999,81.1971958783126,2,0,13,43,12,18,144,17,5
2016049,26.52148878959871,21.496679474976037,10.038338198880341,81.83701889238954,2,0,5,46,22,7,123,16,0
2016050,14.13476391256826,7.017022780944478,10.094645019117792,73.87163607174601,2,0,12,38,19,16,145,27,1
2016051,26.985377648975653,21.279958720330235,9.27345476816296,80.00868070539255,2,0,14,36,18,32,142,15,0
2016052,34.085388505416546,25.294190237090902,13.545358897046775,71.51045621225194,2,0,21,30,13,22,128,11,2
2016053,26.84644429278411,19.109754210680716,11.624254700512964,72.80535874180134,2,0,6,25,6,15,62,7,0
2017001,17.348145053229153,8.894717058146282,9.451166261105186,70.26358408062835,2,0,22,30,11,24,115,25,1
2017002,29.140787669955127,23.5326441420994,9.75305129085561,80.40117141469287,2,0,15,53,14,36,136,30,2
2017003,38.801722198874835,37.18531722963005,6.706155270153912,94.36723918742567,2,0,18,47,27,35,118,14,3
2017004,32.29254870178891,26.989630940708512,10.3832986305575,81.29943408272344,2,0,22,51,9,35,124,24,2
2017005,27.649874831338767,15.87396604232585,10.864279252960188,62.88336177443399,2,1,28,46,20,24,119,19,1
2017006,34.203871448356516,26.301335011535723,9.938374172524657,74.72284103858117,2,0,18,46,18,27,144,20,1
2017007,41.80757424078856,27.310702713456635,7.674017388506053,59.04838408481673,2,1,8,49,27,25,149,11,3
2017008,45.01776077623855,37.9582141493759,10.508152269274118,78.33116764157057,2,0,7,42,31,23,116,13,0
2017009,39.04132439375928,29.783493341502215,11.247996629539866,71.32731733537297,2,0,11,45,20,11,134,10,0
2017010,38.26951265065936,20.85154883839193,13.047871337778705,52.63027750841932,2,0,7,51,19,15,145,15,1
2017011,32.27930337993081,23.085566600093323,8.948120648072988,70.75196794933412,2,1,11,61,19,10,114,10,2
2017012,44.22204518072205,35.70959651111878,10.442001329357755,74.71096074639364,2,0,10,55,24,25,124,8,3
2017013,43.468875933747654,36.77359556653408,8.935130892634028,80.56501551198357,2,0,11,50,19,17,138,16,1
2017014,48.998356183651296,38.295923278572396,12.620769282278715,70.10193347544033,2,0,13,46,22,13,127,16,2
2017015,56.74569135431117,46.34144361685969,9.833640534898437,71.06971734933721,2,0,13,40,17,16,118,15,1
2017016,54.579772224679346,41.19725476474481,8.87397768038635,64.60028606977082,2,0,13,28,24,10,139,12,4
2017017,54.32769411801376,45.816334634176584,10.914681335359926,76.82156072277336,2,0,11,44,24,18,134,20,2
2017018,47.20361792377769,37.14844141507639,11.13540194620282,70.48877219696529,2,0,13,54,14,22,149,20,5
2017019,54.330300721380375,42.724269026830726,6.446085540603628,67.9302742841307,2,0,11,55,25,29,159,19,2
2017020,64.19677606937394,53.798303047792295,13.221637246682127,71.94835096864475,2,0,11,66,28,23,153,27,2
2017021,60.02855284302584,53.25733081210378,7.650049234766783,80.4505621677675,2,0,18,64,25,22,140,11,1
2017022,69.00823553171492,48.2336301790486,7.068870333604041,50.895641591554295,2,1,16,55,25,23,134,11,1
2017023,70.53499105327884,50.93882420347938,10.017701616348853,53.19868705108594,2,0,14,75,21,22,156,13,2
2017024,76.80459340816789,63.82549548733906,9.1047636844153,66.67671404631943,2,0,8,64,21,11,154,18,3
2017025,69.47783058178194,55.559149902833546,9.655642768721984,63.980511326787735,2,0,23,57,24,16,177,22,1
2017026,70.3333809759418,56.521402362180275,8.692385485777615,64.56509125406366,2,0,14,43,19,17,180,15,2
2017027,74.64753855180085,60.9252065501997,6.265951535381741,64.35207986235798,2,0,27,49,23,20,163,15,4
2017028,72.89134701184094,64.96204436515625,7.530791965829649,77.30113442371973,2,0,18,45,16,25,145,13,1
2017029,75.2483716293817,65.83982516965658,5.889998585587529,75.00773664563998,2,0,18,60,23,35,165,19,0
2017030,72.26060100664557,60.69534672222535,7.627485075790608,68.70946837960224,2,0,13,65,12,18,158,17,3
2017031,70.73058315990816,59.46619489164823,6.318660702770015,69.59895630534048,2,0,10,44,19,17,168,18,1
2017032,69.52972475499838,56.86997392245818,5.290650828313057,66.65470651726731,2,1,16,55,18,35,157,6,0
2017033,74.36449539885514,62.876523094519314,7.02245096084594,69.29257692814923,2,1,20,64,22,31,180,15,0
2017034,68.57150556965995,57.032659836831655,7.205247470880729,68.68237142191062,2,1,17,32,23,26,167,18,2
2017035,66.68130732350203,56.760093447302076,6.478489659121019,72.9886076043962,2,0,23,45,21,17,136,12,1
2017036,61.862460027893334,50.111760288050256,7.77423111886678,67.30585315089691,2,0,22,43,11,18,140,16,1
2017037,68.70425889978074,59.16041525540827,5.588040160242726,74.52800210507539,2,0,17,47,19,25,173,18,2
2017038,76.52450522029127,65.39333217754641,5.182231456388567,71.53107548751984,2,0,16,66,21,22,152,20,1
2017039,66.46633925968237,50.992004799578595,7.496300168765033,59.59322032903076,2,0,20,50,19,18,173,10,1
2017040,67.62852931028186,57.98533523472377,9.170171069297798,74.02096337113416,2,0,9,59,23,19,165,12,2
2017041,60.8571902427423,56.078575476530396,8.707919017628301,85.73205028781167,2,1,12,39,17,29,143,13,2
2017042,59.57621164013095,46.15658241518023,9.68258803434523,64.52966428555693,2,0,18,57,21,30,197,13,2
2017043,44.05611944944548,36.79887687064704,9.617558487752907,77.21635350368697,2,0,24,61,11,22,141,11,1
2017044,44.48450620722782,38.27589962433858,8.43235136561949,80.2685136947661,2,0,27,48,22,15,135,14,1
2017045,35.37963650655542,26.365646228526355,7.285461308506481,70.99419473999895,2,0,14,45,21,25,140,18,2
2017046,38.99195888588764,33.29991324874905,10.056898419392192,81.02288025572423,2,0,18,39,21,28,144,14,1
2017047,39.332233787082814,27.72426158751791,10.471641379167798,64.42076673859455,2,0,17,40,15,17,139,21,1
2017048,44.26870471633629,31.360093252612046,6.7753033514809635,62.98551052957068,2,0,14,59,20,22,163,20,2
2017049,32.5650690687638,21.04554798251641,14.504785956542046,63.82584019705202,2,0,11,55,22,14,134,25,0
2017050,29.919501506181284,21.01845745114913,9.302156078637037,70.47030988908583,2,0,15,49,18,16,140,13,2
2017051,34.31588108409201,26.512552427572633,8.24738194086918,74.59658804890326,2,0,15,54,12,22,175,15,1
2017052,10.017094665308747,1.763972404800858,8.196237249232105,69.84228580684244,2,0,16,37,11,19,121,24,0
2018001,6.904003908113318,-1.969483437658185,9.73812784311877,67.28831519573677,2,2,9,40,13,13,104,25,1
2018002,29.07867412081197,24.08735653917045,11.807813606528356,82.57495936967943,2,2,10,38,22,12,115,24,3
2018003,25.992868200331007,20.232930644192397,10.159760904922518,79.645190707314,2,0,13,47,14,19,154,15,0
2018004,37.6255084673038,30.853824549903887,10.303582402652525,78.08638195678738,2,0,13,51,24,18,156,12,4
2018005,24.57469980075647,13.517203904671936,11.658276424435519,64.29501869810122,2,0,9,40,27,7,133,13,4
2018006,17.00591990951074,11.859712888356015,7.01678183557781,80.6377164551787,2,0,13,55,18,14,101,9,0
2018007,28.795935767905657,23.20108422100002,7.018964193084135,81.07250458231654,2,0,9,57,17,18,125,11,2
2018008,41.09875271820756,36.75162778992509,11.966973386259856,85.37610297850382,2,0,10,56,15,15,146,12,0
2018009,40.75644337729507,29.737386403674968,9.00597849777912,67.67972401162055,2,0,2,54,23,14,132,16,1
2018010,31.834171677901253,21.835320879063904,8.354730333599592,68.48246396777392,2,0,15,38,24,8,126,16,2
2018011,34.83989482633631,23.50022116062008,7.539892242680126,65.77275778589653,2,0,9,69,22,17,120,14,5
2018012,34.79981999591008,22.14471599618908,11.300612471683374,61.519815747464804,2,0,13,62,23,18,102,10,2
2018013,41.747297427020065,32.83390925126373,8.348720136546515,72.62594092525313,2,0,15,26,21,22,121,12,1
2018014,32.86163799223113,22.16621981350197,8.914870898049175,67.81882464111501,2,0,12,46,24,14,130,10,1
2018015,41.98294563691968,34.82660199660573,10.359360699316946,78.84122181468183,2,2,9,59,19,23,146,12,2
2018016,40.083388036634624,26.20009350317176,8.125075917344727,62.39606124374689,2,1,15,45,32,28,155,17,1
2018017,47.2841614724294,31.921185150302154,8.1354184655378,59.00885804244048,2,0,9,55,35,21,134,16,0
2018018,65.7738854022435,47.76815854427472,10.568700903809502,57.28452564460034,2,0,10,64,33,18,123,11,0
2018019,58.99558853989689,47.641288252452384,8.276904057128053,70.07847728070645,2,0,9,62,33,26,110,9,1
2018020,58.738034318777466,52.319472439854806,7.074885112234743,81.54622804270824,2,0,17,52,26,17,137,19,3
2018021,69.76802185374274,58.19381285411733,4.440563356490491,71.021681930498,2,1,15,71,23,22,123,19,5
2018022,71.28818691057518,61.18546289123619,7.697387074655544,72.77163109611584,2,0,16,66,30,29,164,12,7
2018023,65.23535860883658,55.417950131320346,6.981921900337851,73.20207605901861,2,0,12,60,30,20,157,15,0
2018024,74.56601739178427,64.25687509223724,6.7517665554595245,73.33253650094177,2,0,8,65,28,24,141,18,4
2018025,69.51532409536321,64.05016448199923,7.8074675757039715,84.44273067394688,2,0,13,54,19,29,178,14,1
2018026,77.41253107841226,69.64183432342578,8.590209510060054,78.34758942254764,2,0,14,52,22,21,139,17,1
2018027,75.51091987307314,63.73376122097984,6.016415002044375,69.87378550976503,2,0,12,52,23,30,141,15,4
2018028,78.31601282690086,65.69270172179978,5.837574521292828,68.10485374279199,2,0,9,53,27,24,181,9,1
2018029,73.37156869995022,64.41570564755783,8.611929521155549,75.99553990085344,2,1,16,48,18,20,159,10,0
2018030,72.46051953476766,60.42576440464544,5.319753129660031,68.4418984499701,2,0,9,52,13,32,174,16,9
2018031,75.61465131790744,63.86834577164101,6.476935854429051,69.95610149442035,2,1,17,57,22,29,172,21,1
2018032,75.50132546130669,65.89273883154037,5.191398622479595,74.68045476445505,2,0,22,53,18,24,168,16,2
2018033,75.5619134931485,65.8204656700387,4.280318945222289,73.95015162110587,2,0,18,51,21,23,182,16,4
2018034,71.7217595812104,62.308642052753726,7.984715516012757,74.5870263441142,2,0,10,63,17,26,143,11,0
2018035,75.0890837048211,65.96760120390468,9.20505237164333,74.74067638779755,2,0,14,49,24,20,159,15,4
2018036,71.1167582477725,61.72646542220799,10.196867386234201,73.60352073807539,2,0,11,42,23,24,152,11,3
2018037,69.2127387264431,59.030585185304666,4.519357630991227,72.28607666887463,2,0,7,57,23,36,159,17,5
2018038,69.59410896784455,58.525976434841674,7.356989514753925,69.87512233714646,2,0,8,56,22,27,192,18,4
2018039,59.94254056461356,49.84687133921786,6.508856921890664,71.4753503200109,2,0,11,61,27,22,177,25,3
2018040,63.60737959484794,57.42938062919999,8.91835506647674,81.62937035552538,2,0,13,53,22,32,145,19,3
2018041,72.03715109286217,63.75221843292952,10.343155802142364,76.57672233722066,2,0,6,24,12,4,56,2,1
